orthogroup_id,gene_id,organism_name,sequence
OG0000000,gi|290752286|emb|CBH40257.1|,Mycoplasma agalactiae,MKTKHKFFLIASSAPLLLTSIAASCTKNKNGNKNTPINSGNVVVSIVESEGTNTNKQNTESNSDASNSNNMNYTSDDNVKNNAENLPKDNKYDVMPADQSPTTLGKSNNLTEETYAKMPSVSEKTEHKPVMIEEKITTKEQKSLKEKIVALWKKHKYGFADFHTYGDVLEQLKVYINDKSSKFLKLSENKLTNQSIKKDNSKQIIDLLIGEENLTLRFGDIKDSVPLIYAIKGDESNETVSYIKENKELKVFTDKDIIVKQLGYFKGKSADIIVTATVPENTVEVPEHLPLKIDSLTETFAGLKKKEVKNLDKWDTKNIKNLLSTFSKASNFDQLLDKWDTSNVKSMASTFFEATSFNQPLSSWNTSNVTSMYSMFSGAQKFNQDISGWKTDNVTDMADMFWGASSFNGELDSWNVSNVQSMDRMFAETDNFNQELKSWKVEKVLSMYGMFGSAKSFDRDISHWKLHSAVNHQHFTNKDSKLQQKHMPPKFRTNSSK
OG0000000,gi|290752287|emb|CBH40258.1|,Mycoplasma agalactiae,MFWAATSFNSKLGNWNVSNVKSMERMFADAHNFNQDISGWNVENVQSMYGMFGGAKSFDQDISSWKLFDNVYYQDFTNRDSALNHDHLPPKFKTPSNRSR
OG0000000,gi|290752289|emb|CBH40260.1|,Mycoplasma agalactiae,MKIKKLLLITPFTSASIAFVAASCGKGDSAVPEIINTDASRIEIPADEKTETNSASFVENSGSTVESSTIENNTNSTTSNDDNNQEAPKNNDLNTQTSPNTDEMEIVGTYKLNNINDMPPRNEPSIKENIVEVPSITPEEAKKLRKKLEDIWKKHKYGFASFHTFDDVLKQLRVYVGDEISKFLNLTNSDIANDSINKNNPKKIIDLSVGDEKFTLKFGDIKDTVPTVYSYKGEDNSQFYVYGTQSKDFNITNSKKIVINQLGYYKDSKGDFFKVVTVPKNTVEVPMTLPLKVNSLAETFKELKEKEVTNLDKWDTKNIISLLSTFYGASNFNQSLESWNTENVKNMTSVFADAKSFNSSLSNWKTDSVTSMEDMFAGAESFNQDISKWNTKNVTDMSRMFL
OG0000000,gi|290752399|emb|CBH40370.1|,Mycoplasma agalactiae,MDKPADKPVDMPSDTPSDMPSDQGDQNSAPKIIKTDISKLKLDITSTNNTSKNDVLEALKKQEGLEKLTESDFDFKIEKRALLNRDGKIVVKASERSEIIEGIISLSIEKLKSVTAREHKYNHDKTEVIEIGYDEKGTIKRFDKKVKKVSATLPEEVISLYRAFDGNENEIIENLGKWDTSNIENMSQAFFGAKKFNTDISNWKTDNVKNMSLMFFLAENFNRDLNKWNTEQVSNMTRMFQQAKSFNGNISSWKTNNVQSMDYMFEKAEKFNQDLSLWNVENVLKMNNMFSGAESFNKPLFKLINPKVTDASYMFYGAKEFNDPSVSQWNTSSFTKINAMFRDAKKFSQDLNNWKTQNITLMSDTFSGAERFNGNVANWDTSKVTDMKQMFKDAKAFNQNISGWNVNNVTDVSAMFSGAFAFKQDLDKWAFIKKVKHDNFKKGSHIDKLPNFQNGKSK
OG0000000,gi|290752409|emb|CBH40380.1|,Mycoplasma agalactiae,MKKFKFMAFAIVAFIPPIPLIMAGCNNKSNNNSHNDDKNPKEKKLDSVIKITDLGELAKKDIEDIKSALIAKNSELNLTELSIEISEKENKAVIKAKDKNASYSGEVVVTFSVKNSKNEETTTDAKTKLQFETKVKEVSSNITKAQESVKSTVIGTDSNSKVDNDKFKKVYPAAQKIMTESKKEIGKLEKDLNSFDTKAKQELSGSLSKVKNQFDAAKLEIDSIAEKHEQQNNPVTAQEAWEALRALWPTAKFVVINVPTFKEVVEYIKKYDTFKKYAHLISLSSKSKPDDHPSTTKPIYIDIKDNSQTIQFTGSFA
OG0000000,gi|290752415|emb|CBH40386.1|,Mycoplasma agalactiae,MKKSTRLLFALAPATIFAVSALAASCDNNEPVKTDEIKEKNELQSQIEKIESELNSNTNLSDNAKQELKKLVEESKDKLKILKTSGEFKQAAEELNKKFEELKKEKTETEPDTSTNPSNTDSNDQSGNGDSGKQKDEPPKKPDDDKKESDPNKDKMEENAPKMPEKNDEEPKTGKDMPGGKKEPGKNEPDNRAPMPPIVPPANMPSDEPKEEKEDREEKEPSELDEIAKSLSNILSYAAADEDKPDLIKFKDDSSKYSLWYDKDKRSIWLVEGNKSPLDKNNEIENKFIVFKLEKAEKIKGNIELVNDTKPTFKVKEEMEEHTRLSNELNFDIKNKQDQKFSITVKYKVGKFINNDTDPEVSHISNQSTITISLK
OG0000000,gi|290752495|emb|CBH40467.1|,Mycoplasma agalactiae,MKKNKLLCSFGMLASALAFPMIAASCDNESKLKELESKYNNNRKSVTDFLNSEEKFNFLKSYLDIKSTLNSKVDIKNKKEVDAWIKATTDAITSYKSFKNKITEVKKDEDKKTFSAFDNLITLSSKVSEKGKGFFPKTIIKQLKNKNSFAEQIKLLKSFLENDSTEIKDESIKNISIDFENSAPNDKLNSIKDGLTLTFVKNENNKLSYTPITWSEIGINNIEKSESEHSDHTDLSKVTENDKSHYLDDSFIIGKIFKKDVFSAENTAEKVFEKINAVVAQSSNKIGSEDFKKKIEELNKFFIFEANLENDPTVSYSLIGSHAHSTEEYHFYITKYISNTKDSKISVIVHNKKANS
OG0000000,gi|290752500|emb|CBH40472.1|,Mycoplasma agalactiae,MKMNRKILAGLLATSSFATFPLLAAKCGATQELNEVIKTLNLGEIKVYEDQKTEVPTKEFILNALAKVNDSEKMKVDVTQLEVKEIKANQAIVEAKKDSKTYKGQVVVTYTVVKTKRVDLATVKKENITGISNFTSDKEMANILKKELKLPNLSEKDFTISLESQATNDKEGKLVIKSAAFSELIYGTLELVIPKLATTENSNKKLVEEYIAKFKKEAEKMDANLKNIEKWEATDESKKGEFNKKVEKIKEIANKLKDKYTKTYEKLEKAIKDKSTIDDNAFNELNADISLVTVTYNSTVKPKVNGKETDYTKVMEELKKLGKPKNGAKEADILIDFSN
OG0000000,gi|290752501|emb|CBH40473.1|,Mycoplasma agalactiae,MKTNRKILFGLLTASSFTAVPLLAAKCDDKNENAQKNPQENGDNTEQQVLSEVIKNTNLGEIVLPKDKEIPEASLILESLVKSNAIVDASELEVSNIQKTGATVSAKKESKKYSGSINVTFSVKKTDETVVKKDLSTVNKDNFKFLTNFVFGPELLEALKAELELPNLKLDDFEFTVDKLATADKEGKLVIEAKPTSKLISGTVILDIPHLVVKPTEENHNIADAKKLLDEALKNLSILESKMDSNTKNIEKWEANTSDGGVFTEEAKKIKETSSQVKAKIKEAKTKAESLIKDKTKLSDEEIKTANKIINDFLTYYFTEVKSKDTGKIIYDGENTMKDLKKIAKLKNGNQENDSLIEF
OG0000000,gi|290752503|emb|CBH40475.1|,Mycoplasma agalactiae,MKKIKFLLGSSAASLASIPFIAAKCDITEDSKKPTETPAENPALAKVKEAWNNNIKDKISSAKNYTMILTMLKDSINDASLKETISLFNADEARKRPVKEQEGQTIMFKVGSDKLDLELGKVVAGMQKTIYVDKEGKQQETDAQDLSADVKTKDATKIVQIGYYDDGKTIRVAQMPITVKEVPTELPKEITNLNKMFLGTKEFDQDILSWDLSGVYNTSLMFYKAEKFNQDITKWNTENVTNMRKMFYETKAFDKDLSKLNVSSVKDAVEFAKAAKKEWAKEKQPKFNEGTLLEIKNEQK
OG0000000,gi|290752505|emb|CBH40477.1|,Mycoplasma agalactiae,MRKTKLLLLTSLSPIISLPFVAAKCNTDAKPEDMNKNKSEKDKMTSELKNSNESTNNDKNNNTKSKKEKSNTESVTKTSEKDIKSEKITESEMSDMPMKKAIKSEADKRPVNNVDASGHDIGRWYDKVHEEDLTNFKNEFQKILKDIETQITKNAKDESTQKQLKSQFNLLKSKLEKKLDTASTWDHIDEIVDEIDAVIRKV
OG0000000,gi|290752512|emb|CBH40484.1|,Mycoplasma agalactiae,MKRNKLLLSFGSLSVFSAIPFIAAKCDDTSEKDNKTPINPGNPGETTENQVVKVELGKLGEKTKEELNKLAKDGVTKAQVVTVLKTEKGLENLTESDLAKVEFKDNKLTIEANKESKLVSGTYEYSAQKQTPDAVIDLSKVQLNGETKKLLKAEAKEKPDKTKVLAALKKDDNFAKLTESDFEVLFKDSTLTVKATAGSKVIKGELSISNKTELDNITLTKEIKEKLQTELSKKDFKPEDIVNVLKKLPELKDLDAKDVEIKKESNKLTIAAKSTSAKFTGTLNFVFKVMLNAIMTEDIKKELQSEAKDKPNTSNVVNILKKIPGLVTLKTDDVKVEFGTGKLVISASETSDLIMGTVSIEKNSASIKINLSTYNLDEKTKMSLLESLNEQNDEENDSSKTSVWFTLNSLFKNGLEETDFDLEIDKNNGTITITASKDSKRLEGKFTLSKNPGNAVQNGKVDLSKLKLDESFVKEFLEEFEDGNFASLSAVKLLKKVKELEKITKDDIEKIEAEKDGTTSANGLVQDIYKKVTIKASASSKLISGTLAIEKKVK
OG0000000,gi|290752617|emb|CBH40590.1|,Mycoplasma agalactiae,MSVLEISNIILNEIKEIEKKNNELNAKINSQQKNNNFYAAKLSKIEEHKDKLVKDEKRYKLAEAYRYKAKLKELPTKTNNKVHTEIENKLNNVSNLVSKSQLMSLQNLNNLLLEKQNILDELSYKTVKFDNEWELIREKLTSYWGYAVEPKYNENKTELKVIGWFVNKDFDIQIEQISQNVNKVPTLPGYINSLKNAFKDNLSDNIIGIENWDTKNVTDMSGVFWGAKNFNGNISKWDTSNVETMSSMFNDASKFDRNLSDWKTSNVTNMQSMFTDAKAFNNANKSLNWDVSKVKDMKFMFFGARKFNQDISNWNVKSVENHNHFSTNSGFANEENKLAPKFIN
OG0000000,gi|290752622|emb|CBH40595.1|,Mycoplasma agalactiae,MKTKKILTIIGGGLASAGFLPLVSVSCFDTNKSKDENSTTVEKSLSKIFNGTSSISISAKDEKSVLEALKSGNNSLKIDDLRITIDEKENKITIEPKDGTSSYSDKVVIPFVVKPQDSHAPVQPEPGQKEEEDDEVENTMDLLEALKEAEDERKLNTPIEEANYKEWARQDAFRRKRNKEFKERKLGYEFFEFLSPNWAHNEEHEKQWAEWEKIVNTPLEEKAYQKWLLDQWYKQRAEKDFKETPISGEYLDFISPLNAADIRAEIEAEFKDPEFKKLDGEAATERITNAPVEEEFYRAWQGAEEERIYWTKLEEEFYDEKEAEILADKEMATNTIKEKEFFDEKLAEIDAEKEMMINTVIETENYEDWLNFPKTLEEAIIEEYHNSPYEKAYFDSELERLTNTPVEYEDYEDWLEFPKAFAEANAEYEKFAKSDETKKWEKAEKAAEFKKKYDVDLEKLEKNSESVLDNSAAANGISKWEGVSDESRRHVTDISDSIISNSDWSREQDGNDEN
OG0000000,gi|290752638|emb|CBH40611.1|,Mycoplasma agalactiae,MKKSFKLLLAATTISATAAPFLAASCDTNESEKRKIINNLVDSPEKDLNKNTNQKPETKNEPHKPNDDVKKADDNKKENDPGSSSNEATEKDEKTDGISKKNSEDPRNKDKNSPDSPKGENDGKDKKDKKSEKNEDDSNSSSEPVTPSPKTETPPSTPSVPAPKPEPQPEMPPADEPREEETESKKEESELDKIAKDLKDILKFAASTEDYPELKEFSSNSSGYTLWYNNKDRTILLVKGNKSPFIENGEKVDKLVLFEFNGANQIKDNIQLVNDKIPLNKSNEDGYDIFTLSNQLNFEILNKSGDDKFDVKVRYKVGKSLNSSEAEASDVSNESTVSITIQIK
OG0000000,gi|290752639|emb|CBH40612.1|,Mycoplasma agalactiae,MKKSSKFLSALGSISVLTTLPLIAAKCNEPEVKKDKEGNKTDTPATTTTTETNDVNSIVKDLKDVLTLSSDSKKDDILKKLKENSSKYTLWYDRKDHNIVITEGTKAPFGKSFSGQKWVLFTLNDKASKITGNFQLVNDTKPTHSENKLSTQLNFSIDEKKENITIKYKVGEFKGKDTAPEISEKANESTVSIK
OG0000000,gi|290752684|emb|CBH40657.1|,Mycoplasma agalactiae,MKKKLTIALSSVIGTALLATAIAVPVALHQKNKKPLMINNNFGAIKNPKDMNDLMIDDGNMTESHPPLMKSEPVDLSSLINKASLGLIITDSDLPTQKQLLDLVKKENPGLSEQALQSLTVENISKEGSTITSKNKDDFSGEIKLEYRSRTNSEQEKYNNETAELVKTTWEKSFKNKLHSLITFGEIFDSLVKKVNRQDSKITIEESNRNTMPDSPFKTNTNTNNNSSESISLGSGAAGSSSASSSTTSQQKEFKIKVADKTEIKLELGKITSGTVPTKYIDKNGKEVTTDSWDLSNLDATVITKIGFHDYKGSIRVPNLPKNVKQVPKELPSVVTSLESTFSGLQSATVSGIESWNTSNITNLSNTFYGAKNFNQDISKWDTSKVTDMSATFYGASKFNSSLSGWKTDKVTTMRSMFYEAKEFNQDISSWNTENVTDMSFMFYGASKFDKDISKWKVTNVKDHNNFCKSSGLKCEMTEPECKIKNCPMFCCEKNKQCEICKKAMAMK
OG0000000,gi|290752688|emb|CBH40662.1|,Mycoplasma agalactiae,MKKSKFLILGSVASLSAIPFVAAKCDDTVSSSTNNKEDDKNNKDENKNNPEVNNNTNTDTGNKNEEQSGNSTSSENSQANPGGGEGSNNSETTPNSDGGNSSESGESNKPGEEDTSMNDGAAPSETPTDTEMSRVHETTEGSRMTESTTPSGHGGNGTQGSETEGSTPGNGETSNNGEQPMSDDSGDANSNSETVKTDAETKLELLYKFFNGFENIEHELKDDASLRKLKEKFDSASKETVNKFNGDVEKFLEKFDFKDKDLEDLTNVFDNVTHLTKPSTTEQINKDFTSLFEKVKKKITEVYNKYTNKK
OG0000000,gi|290752690|emb|CBH40664.1|,Mycoplasma agalactiae,MKKNNKFLTIFGAIAPISALPFIAAKCDNTDSSSTNNKEDDKNNKDENKNNPKVNNSANTDTGNQDGGQGTNSAPSENSQATPGSREESNNSATTPNSNGGSSNESGGGNSPIEEMPPMNGETAPSEMPSEHEAPKAPESDGGSIAPESTQPSGHEGNGTQGNGTEGSTPGNGESTNSGEQPMGDDPGSSRSSNSDTASAKSKAEKELELLYHFFKGYGQIEEYLKDGNKLEKLKSEFDSKSNETIENFDHDTEEFLKKFGFQEQDINDLTDVFDNVTNLTSSNPNETANKNFTDLFKKVKNKLTEAYSMYTKKEK
OG0000000,gi|290752691|emb|CBH40665.1|,Mycoplasma agalactiae,MDSMSDSTTHSNSEQGDQADNSENNGGTYAMPHTIEEAKRIQEGAAKAKEEAERKQKEEKRKQEEAARKEKEAQEAKDKKDVETVKEIVKVHEDAFGSFHTQGEFVDQIALYANKKGISNLKLEDQNDKDKYLNIDSKGENKNRIKLQLGTQKFDVSLGKVLKDAVVTKYYFENEKDKVLDNHKAGSDSIEPNWRNILKGNTRKTIITQLGYHKKGSHIHLTLISYYTIKVPDHLPEKVNSLLASFYNLDSKNIDNLDKWDTRNIITAEQAFGYAKNFEQDLSSWKFKENVNVSGIFLEAKKMQKYVDSIAKTWNVEKSKLLKK
OG0000000,gi|290752692|emb|CBH40666.1|,Mycoplasma agalactiae,MKKSKFLILGSLASLSAIPFVAARCGTSAKSEETNKSKLEKDKITGELTNNNDKNTNTNSNEGKNNIDTSNNDSSTETINNEMNNSSTPNNNGVQGDEPKAETQVAPETSESSSSSSNNNGGNYSVNNHPNGMSSDAPGSTPEVDAKLKKELEDVEKVKKIVNEHKDAFAAFHTQGDFLDQIAVYANDEGISNLKLQRESEKDKKLIVDNEGKENKNTIKLKIGSQDFEVKLGIVLESGVVTKYHLKDEPSKILSNHEKTPDGKWIVDKNWGYNMRDKLVVITQLGYHKDGNNFKLTTLGKKTIKVPRQLPLKVDSLSYSFYNLQSESIENIEKWDVNNIAKADGAFDGASKFSQDLSSWKLKKETSKKSIFKGASKMTQHLDNIAKSWGVKKEDLV
OG0000000,gi|290752693|emb|CBH40667.1|,Mycoplasma agalactiae,MKKSKFLILGSVASLSAVPFVAAKCGAEAKNTIKEDKSSKSANVGSKKQNEANNDMAMSMTSSDKSNENSTLEKENANKDLDKSMSKSEDLKSKKGTLTEIASKNEMNIGSTNVDRVANDTDASGYDIGRVYSSIDDGESVSDILDDEAKKDYKKEIEVEYENIKKLIETVLKDNSKKNEVLKQLEELKKLLNSKFHNAKTFKDLDKIISYLEKIGEKGKVK
OG0000000,gi|290752812|emb|CBH40787.1|,Mycoplasma agalactiae,MKKSKFLLLGSVASLASIPFVAAKCGETKDEEEKKPEVDKKPGEGKEPGQNTDQGKNPETNASPKEETKTDISKLDEKTKKELSKQLKGEFSENPSYDNIVKELQKHFKGLNKKHILVQGSKDKLKITATGVGSNPFRGTLLLSNNNGESSAKSTKTDISKLDEKTKKELSKQLKGEFSENPSYDNIVKELQKHFKGLNKKHILVQGSKDKLKITATGVGSNPFRGTLLLSKM
OG0000000,gi|290752813|emb|CBH40788.1|,Mycoplasma agalactiae,MKKSKFLLLGSLSSLAAIPFVAAKCGEPKAEEEKKPEVDKKPGEGKEPGQNTDQGKNPETDTTPAKSTKIDLSKLKTNIQNELKKLAKKDVLSEDVIDVLKKAKGLESVRLGDLSKVEFNETDKKLTIEAHKDSKLITGKYEFTAQSKTDTTPAKSTKIDLSKLETNIQNELKKLAKKDVLSEDVIDVLKKAKGLESVRLGDLSKVEFNETDKKLTIEAHKDSKLITGKYSHSEKK
OG0000000,gi|290752814|emb|CBH40789.1|,Mycoplasma agalactiae,MKKSKFLLLGSISSLAAIPFVAAKCGETKSEEEKKPEVDKKPGEGKEPDQNTDQGKNPETDTTPAKSTKIDLSKLETNIQNELEKLAKNGVSPESVLDILKKVSGLEKLTLGDFSAVEFKDKKLTVKAHKDSKLITGEYEFKVQSISNKDQLLMHKNKIKEFVFKNLKELNVENPSPVTDFEGMFKDLDIDNAKTKDDFARIKDDLKYLFAQWYSSFEESPFGFDYSESEHKKDDKNISESNGGNPYVHVARELITEVEKEINKNKDNEYEIFATLNYDVQLAKEAIEKQVQEQNQEIEKLFQPILNSFK
OG0000000,gi|290752815|emb|CBH40790.1|,Mycoplasma agalactiae,MKKSKFLLLGSVSSLAAIPFVAAKCGDTKEEDNKKPAEMPGGGQKDPKTPAEGSMPADKDKTEKDKTETEKSDKDKSKEDKDKDKSNNTKIDLSKINTNLGYFPKDEKTKAVRQKDIKDKIVKLLNGRQDFSLAVDYDNHKAKVTLANGQEITFTFTDERERMAQDTDASGADINSGTRSVQPSGATQPGKPGASTQPSGSAQPGKPGASTQPSGSAQPGKPGASTQPSGSAQPGKPGASTQPSGSAQPGKPGASTQPSGSAQPGKPGASTQPSGSAQPGKPGASTQPSGSAQPGKPGASTQPSGSAQPGKPGASTQPSGSAQPGKPGASTQPSGSAQPGKPGASTQPSGSAQPGKPGASTQPSGSAQPGKPGASTQPSGSAQPGKPGASTQPSGSAQPGKPGASTQPSGSAQPGKPGASTQPSGSAQPGKPGASTQPSGSAQPGKPGASTQPSGSAQPGKPGASTQPSGSAQPGKPGASTQPSGSAQ
OG0000000,gi|290752816|emb|CBH40791.1|,Mycoplasma agalactiae,MKKSKFLLLGSVASMAAIPFVAAKCDGTKEDDNKKPGETTPGNPTETPGGSQNNPGGNQNPGTPITPENPANASKTDISKKLSADNLKDLAKKLKDEFNESPSYDNIQKALRLYFNEIKNSDFLVQGSSEKLEITIKGDSAKFQGTIILTKQSGQPSGGSDVTPPTSNDNGGKVKELKVETETLIKDLETKIEKINKAKFDSKKLEAFKKEGKDLDYIEYLKADTFSKLQKEFTDELKEFLEYFNEVLDEIKKNEIKSDDAKDLLEEYNGITELIKEQFTIFEKVSN
OG0000000,gi|290752817|emb|CBH40792.1|,Mycoplasma agalactiae,MKKSKFLLLGSLSSLAAIPFVAAKCGGTKEEDNKKPAEMPGGGQKDPKTPAEGSQNPGTEGGSNQQGSEINIKALKDKINSIWGLAKEFEDRLQNSFKEGDSYQSVLDKITSKLGVKEKELVKLASDGDKNKKLGVQAQQKIKIKVGAEELELEFGKVSNANTAETNSETTKQTLNKVITKTELGEIAKKDSDTVKAALLAAVKGLKIDELTIDLDPRENKAKVKANAKSTSYEGEVTVTFTVKSNSSEGTTTKQTLNKVITKTELGEIAKKDSDTVKAALLAAVKGLKIDELTIDLDPRENKAKVKANAKSTSYEGEVTVTFTVKSNSSEGTTTKQTLNKVITKTELGEIAKKDSDTVKAALLAAIKGLKIDELTIDLDPRENKAKVKANAKSTSYEGEVTVTFTVKKIV
OG0000000,gi|290752818|emb|CBH40793.1|,Mycoplasma agalactiae,MKKSKFLLLGSVASLAAIPFVAAKCGDTKEEDNKKPAEMPGGGQKDPKAPAEGGMPADKDKTEKDKTETEKSDKDKSKEDKDKDKDKNTKIDLSKINTNLGYFPKDEKTKAVRQKDIKDKIVKLLNGRQDFSLAVDYDNHKAKVTLANGQEITFTFTDERERMAQDTDASGADINSGTRSVQPSGATQPGKPGASTQPSGSAQPGKPGASTQPSGSAQ
OG0000000,gi|290752966|emb|CBH40941.1|,Mycoplasma agalactiae,MSDSMPSDEPGKSDDVMNDTEENSSEGKNKKPKDKLHLLFTSFNKYGADIKKHLESTNTILTINNDLDPSYQIVKYEFGDIKSLLSSAGFESSFIDSLMYDLFEFYDTLSLLATPNYVNSSDKQKASELFKKIKSKIDEAYKKAFNK
OG0000000,gi|290752972|emb|CBH40947.1|,Mycoplasma agalactiae,MKKLNKPIFLFSSLITIGSFPIIAAKCTEENNSYDSKNDSPQVINSIKDRSQDQNDENNTSNNDQPIDNSNKSDKIVTDSEPKKETDQASTNNSAETSSSSLTPPASKTKLKESHEDAASRLTKEYFDLLFNNTNRNHSDSANNSMLKPMNSGNTVPNNQNIKKKETHDEAASRLTKEYFDLLFSIQSNKDKIYNLSQNGIIEFLYKAFAKYGQSIKDKLNSQESVSNINIELQDSYEKANYSWSKNEDYFTKFGLDRAFRGDFFDFFDLLSELFTDYKDGENDNKNKADELFKKTKSKLEEAYKKISKHQ
OG0000000,gi|290752974|emb|CBH40950.1|,Mycoplasma agalactiae,MNKLKKSFVGLGLLLTSSVSLSAVSCFNNFDFFSRWTGRSNSNSANVDKSIQKAIYDGNECIQIGYFKNQNGEIQISQFKEDVSRVPKELLKEITSLENAFVGATRIQIPGIESWDTSNIKNMKHVFLNAKGFNYDIGDWDTSNVTTMHGMFKGASNFNKPLITKLTNRNNKSYRAWNVANVTDMSHMFQDATNFNSSLFDDTKNVTNMTAMFKGARFFNADLSRLNTTNVKTMESMFEDAERFNNLIFNDVSKVKSMRKMLKNASAFNQPLLKWETSDVTDMSFMFNGAKSFNREIFRDVRYVTDMSFMFAKAVTFDQDISLWDTQFVTNMESMFNNSTSFNGDISKWNVSSVVNMNSMFLSAINFNGNISGWNTTRVENMSYIFYDARSFNKNLSNWDISRVTAYDDWCNGSPLYNNKHYHPNLPVVEKPTRGLFW
OG0000000,gi|290753029|emb|CBH41005.1|,Mycoplasma agalactiae,MKKSKFLLLGSVASMAAIPFVAAKCGDTKEEEKKPAEMPGGGQADSTPSTSTAVDLSKIDQTIQDQLNKLAKDGIKKEEVLAVLKTVEGLKDIKDEDLATVEFKNKKLVIEAKEGSKLVSGKYEFAAQTDSNSSTSTTVNLGNLKKDVQEKLNKLAKDGVKKEEVLAVLKTVEGLKDIKDEDLATVEFKNKKLVIEAKEGSKLVSGKYEFAAQTDSNSSTSTTVNLGNLKKDVQEKLNKLAKDGVKKEEVLAVLKTVEGLKDIKDEDLATVEFKNKKLVIEAKEGSKLVSGKYEFAAQTDSNSSTSTTVNLGNLKKDVQEKLNKLAKDGVKKEEVLAVLKTVEGLKDIKDEDLATVEFKNKKLVIEAKEGSKLISGKYEFTTERMANNTDASGAEIGLRTR
OG0000000,gi|290753030|emb|CBH41006.1|,Mycoplasma agalactiae,MKKSKFLLLGSLSSLAAIPFVAAKCGDTKNEEKKPGETTPGNPTETPGGSQNNPGGNQNPGTEGGSNQQGNEINVKALKEKIQSIWGLALKFEDRLQNSFKEGDTYQSVLDKITSKLSDKEKELVKLSSEGDKNKTLGLQAQQKIKIKVGAEELELEFGKVSNANTTETNSEATAKKALSKVITKTALGEIAKKDLESVKTALLTVAKDLKVNEVTIELDSKENKAKVKANANSMSYEGEVEVSFTIKSTTAKQALNKVITKTALGEIAKKDLESVKTALLTVAKDLKVNEVTIELDSKENKAKVKANANSMSYEGEVEVSFTIKQK
OG0000000,gi|290753031|emb|CBH41007.1|,Mycoplasma agalactiae,MKKSKFLLLGSVASMAAIPFVAAKCGDTKEQENKKPAEMPGGGKKDPNTPAEGSQNPGTEGGSNQQGSEINVKALKDKILSIWGLAPKFEDRLQNSFKEGDTYQSVLDKIASKLGDKEKELVKLASDDDKNNKLGVQAQQKIKVKVGTEKLELEFGKVTKVEKTNETEDKKKKELEEKKKRELEEKKAKELAEAFKKEETPEEKDEHTPSKFQNYEEIIKFEKSSF
OG0000000,gi|290753032|emb|CBH41008.1|,Mycoplasma agalactiae,MKKSKFLLLGSLSSLAAIPFVAAKCGGTKDEEKKPAGTPDKTPGGNQNPGTEGGENSNNATTGEKKSLSVLISNENQQLGKIDKKDKNSILDALLKKNKSLNIDKSQLDVESIENASAVVFAKSDSVKYEGKILVSFTLNSSATPGDGDATTAEKKYLPAIISNENQQLGKIDKKDKNSILDALLKKNKSLNLDKSQLDVESIENASAVVFAKSDSVKYEGKILVSFTLNSSATPGDGGTTR
OG0000000,gi|290753033|emb|CBH41009.1|,Mycoplasma agalactiae,MKKSKFLLLGSISSLAAIPFVAAKCGETKSEEEKKPEVDKKPGEGKEPDQNTDQGKNPETDTTPAKSTKIDLSKLETNIQNELEKLAKNGVSPESVLDILKKVSGLEKLTLGDFSAVEFKDKKLTVKAHKDSKLITGEYEFKVQSISNKDQLLMHKNKIKEFVFKNLKELNVENPSPVTDFEGMFKDLDIDNAKTKDDFARIKDDLKYLFAQWYSSFEESPFGFDYSESEHKKDDKNISESNGGNPYVHVARELITEVEKEINKNKDNEYEIFATLNYDVQLAKEAIEKQVQEQNQEIEKLFQPILNSFK
OG0000000,gi|290753034|emb|CBH41010.1|,Mycoplasma agalactiae,MKKSKFLLLGSVASMAAIPFVAAKCDGTKEDDNKKPGETTPGNPTETPGGSQNNPGGNQNPGTPITPENPANASKTDISKKLSADNLKDLAKKLKDEFNESPSYDNIQKALRLYFNEIKNSDFLVQGSSEKLEITIKGDSAKFQGTIILTKQSGQPSGGSDVTPPTSNDNGGKVKELKVETETLIKDLETKIEKINKAKFDSKKLEAFKKEGKDLDYIEYLKADTFSKLQKEFTDELKEFLEYFNEVLDEIKKNEIKSDDAKDLLEEYNGITELIKEQFTIFEKVSN
OG0000000,gi|290753035|emb|CBH41011.1|,Mycoplasma agalactiae,MKKSKFLLLGSLSSLAAIPFVAAKCGEPKAEEEKKPEVDKKPGEGKEPGQNTDQGKNPETDTTPAKSTKIDLSKLKTNIQNELKKLAKKDVLSEDVIDVLKKAKGLESVRLGDLSKVEFNETDKKLTIEAHKDSKLITGKYEFTAQSKTDTTPAKSTKIDLSKLETNIQNELKKLAKKDVLSEDVIDVLKKAKGLESVRLGDLSKVEFNETDKKLTIEAHKDSKLITGKYSHSEKK
OG0000000,gi|290753036|emb|CBH41012.1|,Mycoplasma agalactiae,MKKSKFLLLGSVASLASIPFVAAKCGETKDEEEKKPEVDKKPGEGKEPGQNTDQGKNPETNASPKEETKTDISKLDEKTKKELSKQLKGEFSENPSYDNIVKELQKHFKGLNKKHILVQGSKDKLKITATGVGSNPFRGTLLLSNNNGESSAKSTKTDISKLDEKTKKELSKQLKGEFSENPSYDNIVKELQKHFKGLNKKHILVQGSKDKLKITATGVGSNPFRGTLLLSKM
OG0000000,gi|290753037|emb|CBH41013.1|,Mycoplasma agalactiae,MKKSKFLLLGSVASLAAIPFVAAKCGDTKEEDNKKPAEMPGGGQKDPKAPAEGGMPADKDKTEKDKTETEKSDKDKSKEDKDKDKDKNTKIDLSKINTNLGYFPKDEKTKAVRQKDIKDKIVKLLNGRQDFSLAVDYDNHKAKVTLANGQEITFTFTDERERMAQDTDASGADINSGTRSVQPSGATQPGKPGASTQPSGSAQPGKPGASTQPSGSAQ
OG0000000,gi|290753040|emb|CBH41016.1|,Mycoplasma agalactiae,MKKSKFLLLGSVSSLAAIPFVAAKCDDTKDESKKPAETPGKDQKDPKAPADDKMTGDKDKAGKDKDDKTGGNTSTDKKDPKEPGGDRSTTPPADDPNATPAVPKKEHQKLDELKKGTKEIIVSLEGYVTEIKKAKFDMSKFESFKKENKDLDYVSGLNEKTFPVLVNDFTTQLTEFIEGLKETLEDMSKEDGWTNEDIDAVKEQNKEISDIVKKQLEVLKKISKQ
OG0000000,gi|290753041|emb|CBH41017.1|,Mycoplasma agalactiae,MKKSKFLLLGSLSSLAAIPFVAAKCGDTKEEDNKKPAEMPGGGQKDPKAPAEGGMPADKDKTEKDKTETEKSDKDKSKEDKDKDKDKNTKIDLSKINTNLGYFPKDEKTKAVRQKDIKDKIVKLLDGRQDFSLAVDYDNHKAKVKLQNGQEITFTFTDEKKRVANDTDASGADINSGTRPGQPSGTTQPGSGAKPGTSGQPSGTTQPGSGAKPGTSGQPSGTTQPGSGAKPGTSGQPSGTTQPGSGAKPGTSGQPSGTTQPGI
OG0000000,gi|290753042|emb|CBH41018.1|,Mycoplasma agalactiae,MKKSKFLLLGSLSSLAAIPFVAAKCGGTKEEDNKKPAEMPGGGQKDPKTPAEGSQNPGTEGGSNQQGSEINIKALKDKINSIWGLAKEFEDRLQNSFKEGDSYQSVLDKITSKLGVKEKELVKLASDGDKNKKLGVQAQQKIKIKVGAEELELEFGKVSNANTAETNSETTKQTLNKVITKTELGEIAKKDSDTVKAALLAAVKGLKIDELTIDLDPRENKAKVKANAKSTSYEGEVTVTFTVKSNSSEGTTTKQTLNKVITKTELGEIAKKDSDTVKAALLAAVKGLKIDELTIDLDPRENKAKVKANAKSTSYEGEVTVTFTVKSNSSEGTTTKQTLNKVITKTELGEIAKKDSDTVKAALLAAIKGLKIDELTIDLDPRENKAKVKANAKSTSYEGEVTVTFTVKKIV
OG0000000,gi|290753043|emb|CBH41019.1|,Mycoplasma agalactiae,MKKSKFLLLGSVASMAAIPFVAAKCGDTKEEENKPAGKPVDTPAETPGGSQSNPGDNKNPSTENGGNGTPTSPKTPTQPDPGTTPSTQPNSETPPTSKDNGEKVKKLKEQTESLVKDLTEKIEKIKKAKFSKNKLGKFIKDKKDLDYVENLKDEKTFKILQDEFTEELKFFLEDLNERLEDIKENKIENENAEDFIAQNKELSELVKTQFDIFEKVSEY
OG0000000,gi|290753044|emb|CBH41020.1|,Mycoplasma agalactiae,MKKSKFLLLGSISSLAAIPFVAAKCGGTKEEEKKPTDTQGGGQSNSGGNQNPGTEGGSNQQWSEINVKALKDKINTIWGLAPKFEDRLQNSFKEGDTYQSVVDKIASKLGDKEKELVKLASDDKDKKLGLQAKQKIKIKVGTEEVELEFGKVSPKSIDVNSNTETNSNSASNSYHNELEDRPVNYVDATGFDIGRRFQRDFNELTKKDKQDILADVDELVKEIEKEINKKFDPYTLINTKLKSLLNDRASKLKSKIERNKTFDDADISFNELFDFVEKYIR
OG0000000,gi|290753045|emb|CBH41021.1|,Mycoplasma agalactiae,MKKSKFLLLGSLSSLATIPFVAAKCGDTKEEEKKPAEMPGGDQKDPKAPADDKMTGDMDKAGKDKDDKKDNGASTDKKDPNTSEGSKPNNNAPIAKSNLKTELKSLWDEVSTLARARSKNEFESLFYEDKQKLESKVNKLLSEKEVVKQKYDEVVKEIESFKNKIKTFDGSKTVYELSKLQEQRDYFASLMPILKSHHNAIDELVKNNKTNEEPELLSDLETKFDELDYELNDVIKQYDLAIEHFHQFKKERHTYFRENLFKHFDELMHYFEKFLNKDNFINLTDEFEHEEWL
OG0000000,gi|290753046|emb|CBH41022.1|,Mycoplasma agalactiae,MKKSKFLLLGSVSSLAAIPFVAAKCGDTKEEDNKKPAEMPGGGQKDPKTPAEGSMPADKDKTEKDKTETEKSDKDKSKEDKDKDKSNNTKIDLSKINTNLGYFPKDEKTKAVRQKDIKDKIVKLLNGRQDFSLAVDYDNHKAKVTLANGQEITFTFTDERERMAQDTDASGADINSGTRSVQPSGATQPGKPGASTQPSGSAQPGKPGASTQPSGSAQPGKPGASTQPSGSAQPGKPGASTQPSGSAQPGKPGASTQPSGSAQPGKPGASTQPSGSAQPGKPGASTQPSGSAQPGKPGASTQPSGSAQPGKPGASTQPSGSAQPGKPGASTQPSGSAQPGKPGASTQPSGSAQPGKPGASTQPSGSAQPGKPGASTQPSGSAQPGKPGASTQPSGSAQPGKPGASTQPSGSAQPGKPGASTQPSGSAQPGKPGASTQPSGSAQPGKPGASTQPSGSAQPGKPGASTQPSGSAQPGKPGASTQPSGSAQ
OG0000000,gi|290753052|emb|CBH41028.1|,Mycoplasma agalactiae,MKKNKLMLLAAPATLFAAPIVAASCTDNTAEMNKKVEKKEEKQMEMTPKKNLMEKTEGKMEGKDKKSLVATPEKKMETSPMTPPMPKTIANQSVSNDSIFESWYTGAIVKEFKENKNMKTKMTSLEEVKIFDGLYPSLKIKDEPKVKVIDPWTTWEVI
OG0000000,gi|290753064|emb|CBH41040.1|,Mycoplasma agalactiae,METEDEKKVNKENAEKVKKIVSELKDAFAAFHSLQDFYDQINVYAKDEKINNLELAETNKNKLLHEDTSGGKNKIKLNLGSTLFEVTLGTVFKDKVVTKYAVKDSNSTIKISLDNKFDDINKTNDKIFVKQIGYSKDASKNSITIATMPKNTVEVPKNLPLKINSLFHAFHYLKSSTINNIDKWNLKNVNNISEAFSYAAEFNQDISNWDTSNVRNMSGVFDGAAKFNSPLNNWNVSNVTQMSSFFAGASSFNQDLNLWNTSNVQDMESMFQEATSFNGNIDNWNVSNVKNMYLMFGDTENFNRDLSKWKLNSNVKTDNMFKSAPKVDVEKLSKIWGVSEDKLGKKSK
OG0000001,gi|290752288|emb|CBH40259.1|,Mycoplasma agalactiae,MKTVSNIVGFKSRSIYNLFDRIKIETKRGYAKYQKKCKLCGMDLKGKTIYVISALKFLNLIETRNDSKRLENNPKLLMKHIDFFKFYEQLLYFYLKNRNSFNLENKAVKQSVASIIFKYIRKLEAQGKLQNSYIPSVQNFYRILAKHSTFGLKLDILPYKSNGKYGSRTTVKHETKKKTIGKLITERPESVNLRLNDNDYEMDTVIGLRSDNYCILTLINRKSRMFYCTLSRRNAKAIKENLEKLIKNNNLIIDTLTIDNGSENYKLPEIEYIREIFHCHPYSSSEKGSIENAHRLLRRYVPKGKSIDRYVGQDLKPIADFINSHPRIYKGISGFKCAKQMQ
OG0000001,gi|290752368|emb|CBH40339.1|,Mycoplasma agalactiae,MKTVSNIVGFKSRSIYNLFDRIKIETKRGYAKYQKKCKLCGMDLKGKTIYVISALKFLNLIETRNDSKRLENNPKLLMKHIDFFKFYEQLLYFYLKNRNSFNLENKAVKQSVASIIFKYIRKLEAQGKLQNSYIPSVQNFYRILAKHSTFGLKLDILPYKSNGKYGSRTTVKHETKKKTIGKLITERPESVNLRLNDNDYEMDTVIGLRSDNYCILTLINRKSRMFYCTLSRRNAKAIKENLEKLIKNNNLIIDTLTIDNGSENYKLPEIEYIREIFHCHPYSSSEKGSIENAHRLLRRYVPKGKSIDRYVGQDLKPIADFINSHPRIYKGISGFKCAKQMQ
OG0000001,gi|290752419|emb|CBH40390.1|,Mycoplasma agalactiae,MNYTKNYNHLTYDERAFIEIQIKSGYSIRSIARQLNRNPSTISRELKRNTAFSGLYQCKIAEQKALNRHSHKYLFKFTSNFKYAEFEKFFMEKFDKRFYGIVATARYVKQTFPDIESPSIRTIFNWIKTRKWKLKPRDRLRIFYKKGGKRTASVVSRLIGDSYYVYPIWARPKYIDLREEYGHWESDLIIGKRSNGYDNVLTLVERQTRMGFAVKIKSKSAFLVISKLKKIIQDHNLIVKSITIDNGIEFERMGLLGKWLNIKIFRAEPYASFQRGTNENWNGMIRRMFHKGFDFNSISQVQLDDVVNQINEMPRKILNWQKPIELFKLANDYGVVLN
OG0000001,gi|290752473|emb|CBH40445.1|,Mycoplasma agalactiae,MKTVSNIVGFKSRSIYNLFDRIKIETKRGYAKYQKKCKLCGMDLKGKTIYVISALKFLNLIETRNDSKRLENNPKLLMKHIDFFKFYEQLLYFYLKNRNSFNLENKAVKQSVASIIFKYIRKLEAQGKLQNSYIPSVQNFYRILAKHSTFGLKLDILPYKSNGKYGSRTTVKHETKKKTIGKLITERPESVNLRLNDNDYEMDTVIGLRSDNYCILTLINRKSRMFYCTLSRRNAKAIKENLEKLIKNNNLIIDTLTIDNGSENYKLPEIEYIREIFHCHPYSSSEKGSIENAHRLLRRYVPKGKSIDRYVGQDLKPIADFINSHPRIYKGISGFKCAKQMQ
OG0000001,gi|290752611|emb|CBH40583.1|,Mycoplasma agalactiae,MKTVSNIVGFKSRSIYNLFDRIKIETKRGYAKYQKKCKLCGMDLKGKTIYVISALKFLNLIETRNDSKRLENNPKLLMKHIDFFKFYEQLLYFYLKNRNSFNLENKAVKQSVASIIFKYIRKLEAQGKLQNSYIPSVQNFYRILAKHSTFGLKLDILPYKSNGKYGSRTTVKHETKKKTIGKLITERPESVNLRLNDNDYEMDTVIGLRSDNYCILTLINRKSRMFYCTLSRRNAKAIKENLEKLIKNNNLIIDTLTIDNGSENYKLPEIEYIREIFHCHPYSSSEKGSIENAHRLLRRYVPKGKSIDRYVGQDLKPIADFINSHPRIYKGISGFKCAKQMQ
OG0000001,gi|290752636|emb|CBH40609.1|,Mycoplasma agalactiae,MKTVSNIVGFKSRSIYNLFDRIKIETKRGYAKYQKKCKLCGMDLKGKTIYVISALKFLNLIETRNDSKRLENNPKLLMKHIDFFKFYEQLLYFYLKNRNSFNLENKAVKQSVASIIFKYIRKLEAQGKLQNSYIPSVQNFYRILAKHSTFGLKLDILPYKSNGKYGSRTTVKHETKKKTIGKLITERPESVNLRLNDNDYEMDTVIGLRSDNYCILTLINRKSRMFYCTLSRRNAKAIKENLEKLIKNNNLIIDTLTIDNGSENYKLPEIEYIREIFHCHPYSSSEKGSIENAHRLLRRYVPKGKSIDRYVGQDLKPIADFINSHPRIYKGISGFKCAKQMQ
OG0000001,gi|290752643|emb|CBH40616.1|,Mycoplasma agalactiae,MKTVSNIVGFKSRSIYNLFDRIKIETKRGYAKYQKKCKLCGMDLKGKTIYVISALKFLNLIETRNDSKRLENNPKLLMKHIDFFKFYEQLLYFYLKNRNSFNLENKAVKQSVASIIFKYIRKLEAQGKLQNSYIPSVQNFYRILAKHSTFGLKLDILPYKSNGKYGSRTTVKHETKKKTIGKLITERPESVNLRLNDNDYEMDTVIGLRSDNYCILTLINRKSRMFYCTLSRRNAKAIKENLEKLIKNNNLIIDTLTIDNGSENYKLPEIEYIREIFHCHPYSSSEKGSIENAHRLLRRYVPKGKSIDRYVGQDLKPIADFINSHPRIYKGISGFKCAKQMQ
OG0000001,gi|290752719|emb|CBH40693.1|,Mycoplasma agalactiae,MKTVSNIVGFKSRSIYNLFDRIKIETKRGYAKYQKKCKLCGMDLKGKTIYVISALKFLNLIETRNDSKRLENNPKLLMKHIDFFKFYEQLLYFYLKNRNSFNLENKAVKQSVASIIFKYIRKLEAQGKLQNSYIPSVQNFYRILAKHSTFGLKLDILPYKSNGKYGSRTTVKHETKKKTIGKLITERPESVNLRLNDNDYEMDTVIGLRSDNYCILTLINRKSRMFYCTLSRRNAKAIKENLEKLIKNNNLIIDTLTIDNGSENYKLPEIEYIREIFHCHPYSSSEKGSIENAHRLLRRYVPKGKSIDRYVGQDLKPIADFINSHPRIYKGISGFKCAKQMQ
OG0000001,gi|290752768|emb|CBH40743.1|,Mycoplasma agalactiae,MKTVSNIVGFKSRSIYNLFDRIKIETKRGYAKYQKKCKLCGMDLKGKTIYVISALKFLNLIETRNDSKRLENNPKLLMKHIDFFKFYEQLLYFYLKNRNSFNLENKAVKQSVASIIFKYIRKLEAQGKLQNSYIPSVQNFYRILAKHSTFGLKLDILPYKSNGKYGSRTTVKHETKKKTIGKLITERPESVNLRLNDNDYEMDTVIGLRSDNYCILTLINRKSRMFYCTLSRRNAKAIKENLEKLIKNNNLIIDTLTIDNGSENYKLPEIEYIREIFHCHPYSSSEKGSIENAHRLLRRYVPKGKSIDRYVGQDLKPIADFINSHPRIYKGISGFKCAKQMQ
OG0000001,gi|290752799|emb|CBH40774.1|,Mycoplasma agalactiae,MNYTKNYNHLTYDERAFIEIQIKSGYSIRSIARQLNRNPSTISRELKRNTAFSGLYQCKIAEQKALNRHSHKYLFKFTSNFKYAEFEKFFMEKFDKRFYGIVATARYVKQTFPDIESPSIRTIFNWIKTRKWKLKPRDRLRIFYKKGGKRTASVVSRLIGDSYYVYPIWARPKYIDLREEYGHWESDLIIGKRSNGYDNVLTLVERQTRMGFAVKIKSKSAFLVISKLKKIIQDHNLIVKSITIDNGIEFERMGLLGKWLNIKIFRAEPYASFQRGTNENWNGMIRRMFHKGFDFNSISQVQLDDVVNQINEMPRKILNWQKPIELFKLANDYGVVLN
OG0000001,gi|290752811|emb|CBH40786.1|,Mycoplasma agalactiae,MKTVSNIVGFKSRSIYNLFDRIKIETKRGYAKYQKKCKLCGMDLKGKTIYVISALKFLNLIETRNDSKRLENNPKLLMKHIDFFKFYEQLLYFYLKNRNSFNLENKAVKQSVASIIFKYIRKLEAQGKLQNSYIPSVQNFYRILAKHSTFGLKLDILPYKSNGKYGSRTTVKHETKKKTIGKLITERPESVNLRLNDNDYEMDTVIGLRSDNYCILTLINRKSRMFYCTLSRRNAKAIKENLEKLIKNNNLIIDTLTIDNGSENYKLPEIEYIREIFHCHPYSSSEKGSIENAHRLLRRYVPKGKSIDRYVGQDLKPIADFINSHPRIYKGISGFKCAKQMQ
OG0000001,gi|290752820|emb|CBH40795.1|,Mycoplasma agalactiae,MKTVSNIVGFKSRSIYNLFDRIKIETKRGYAKYQKKCKLCGMDLKGKTIYVISALKFLNLIETRNDSKRLENNPKLLMKHIDFFKFYEQLLYFYLKNRNSFNLENKAVKQSVASIIFKYIRKLEAQGKLQNSYIPSVQNFYRILAKHSVFGLKLDILPYKSNGKYGSRTTVKHETKKKTIGKLITERPESVNLRLNDNDYEMDTVIGLRSDNYCVLTLINRKSRMFYCTLSRRNAKAIKENLEKLIKDNNLIIDTLTIDNGSENYKLPEIEYIREIFHCHPYSSSEKGSIENAHRLLRRYVPKGKSIDRYVGQDLKPIADFINSHPRIYKGISGFKCAKQMQ
OG0000001,gi|290752970|emb|CBH40945.1|,Mycoplasma agalactiae,MNYTKNYNHLTYDERAFIEIQIKSGYSIRSIARQLNRNPSTISRELKRNTAFSGLYQCKIAEQKALNRHSHKYLFKFTSNFKYAEFEKFFLEKFDKRFYGIVATARYVKQTFPDIESPSIRTIFNWIKTRKWKLKPRDRLRIFYKKGGKRTASVVSRLIGDSYYVYPIWARPKYIDLREEYGHWESDLIIGKRSNGYDNVLTLVERQTRMGFAVKIKSKSAFLVISKLKKIIQDHNLIVKSITIDNGIEFERMGLLGKWLNIKIFRAEPYASFQRGTNENWNGMIRRMFHKGFDFNSISQVQLDDVVNQINEMPRKILNWQKPIELFKLANDYGVVLN
OG0000001,gi|290753018|emb|CBH40994.1|,Mycoplasma agalactiae,MKTVSNIVGFKSRSIYNLFDRIKIETKRGYAKYQKKCKLCGMDLKGKTIYVISALKFLNLIETRNDSKRLENNPKLLMKHIDFFKFYEQLLYFYLKNRNSFNLENKAVKQSVASIIFKYIRKLEAQGKLQNSYIPSVQNFYRILAKHSTFGLKLDILPYKSNGKYGSRTTVKHETKKKTIGKLITERPESVNLRLNDNDYEMDTVIGLRSDNYCILTLINRKSRMFYCTLSRRNAKAIKENLEKLIKNNNLIIDTLTIDNGSENYKLPEIEYIREIFHCHPYSSSEKGSIENAHRLLRRYVPKGKSIDRYVGQDLKPIADFINSHPRIYKGISGFKCAKQMQ
OG0000001,gi|290753048|emb|CBH41024.1|,Mycoplasma agalactiae,MKTVSNIVGFKSRSIYNLFDRIKIETKRGYAKYQKKCKLCGMDLKGKTIYVISALKFLNLIETRNDSKRLENNPKLLMKHIDFFKFYEQLLYFYLKNRNSFNLENKAVKQSVASIIFKYIRKLEAQGKLQNSYIPSVQNFYRILAKHSVFGLKLDILPYKSNGKYGSRTTVKHETKKKTIGKLITERPESVNLRLNDNDYEMDTVIGLRSDNYCVLTLINRKSRMFYCTLSRRNAKAIKENLEKLIKDNNLIIDTLTIDNGSENYKLPEIEYIREIFHCHPYSSSEKGSIENAHRLLRRYVPKGKSIDRYVGQDLKPIADFINSHPRIYKGISGFKCAKQMQ
OG0000002,gi|144227425|gb|AAZ44111.2|,Mycoplasma hyopneumoniae,MLFLQRNIKANEEKNPLINAVFQDFNLIENLSVKNNILIGNSLIQKEFNQNLLEKRANFLNTQGEKLNQQVKDLSGG
OG0000002,gi|144227552|gb|AAZ44371.2|,Mycoplasma hyopneumoniae,MIKNANFLNISKENLDTVVSDLSGGEKQRIAILRAFARKSDFILLDEPTGNLDLENAEIIFEKLYQLRKNKTILIISHNLELAKKYGDLIISLERKPVVKILKIKHNQVKVNQKQVEIDLFFKKKPLNLFDKFKSLFLFLKTDFKTRGSSTLFVLIFFLINLLSLNLFFVLDSKVSNFNSEKIQQYQLDSVELAKKKNIAFFDKDFQNFERQKEIAVKVLPIFPTNNLIFIDKNYEIPENNVLKPALISSGTPIELIDESDFFRKRFFFDNKNLKGHFIKNENEIILSKTVIDKLKIIDPIGKIVKIHKLRNSNINKNPTTFEVIIAGVNYLKDVSGKIPSFIHYKLVEKINQKFGRNDTFFADFDHIQISLLNVLNAGLNLKNEEVLENIPVKNLILETGKIPENKGELLLSTKLFNSIKNSKNIKIGDFIMIDSEFGQAIPYKISGVFNLTQNSELLSKNQQLKSENLVIFYKNGNDLRKTLYPSGAKIFLRTDDIDKNLARFKAENPNFIFFRDLEWVKIKLLSGTFMIKSILLGIQLLLLIALITFSVLFSKNLVRLKTKSIGILKSLGLKKRKIFIIHLLNILVICGLMLTSGLILTLGTMPYFYTLITNVDFGTPGFLQIFINFIISWFVISLFVFLIYFFISLKVYKKPITELLRYDFR
OG0000002,gi|144227561|gb|AAZ44388.2|,Mycoplasma hyopneumoniae,MINLIAGFTKKDSGKISFFKNGNEIENPLVDVVFQDFNLIESLSIKNNILIANHILNRYVENHEIENEASAININSQKLNRLVKNLSGGEKQRAAFLRSSSRNADFILLDEPTGNLDQENSIALLDLLVKISQNKTVLVVSHNLELAKKYADQIIYVEKENIKSIENKDKPQKNLQKSTNNFLENSENKVYKKPSFYQKVKVALLLSLADFRSKITTLILVLVSFLAMIFGVVLFVNLNISAKNINFDNIVQYNLDTLNVSEKGLASLHINELEKLKKENPKIENIIPIYSDLQSFKFSYDDKKVSTGPIFPVDESDFFKNRFADIIKSQKFNNNFISNQDDVILPEKIINQLEISNPIGKKIKIFYSNHFEEVKIVGVIEEKNYDQPKFSLIHTNKLKTTYEKGYEESYKNFHQFEILPDNFYSLDFSDWRASGNTTIETPTISKSFYQNSSQANSINLTKGNLPRSFDEIAVSSNITNKIGKLIEINTTFNSYYIFKVVGIFDADKTTNNASEEPKNIVIFNSEIENFFNHVHPSEFLVFFNQENLYNNIQDFLDKYGKSGVKRYYFTSGGPDEVRQFFFASQFTLIMSIFASIIVLGITLLIFVSVYAVNLSNFKKKSIAVLKSLGGKTLEIFMYHWLNLIIISVFVFFVGIVLSILIVPEFYKIILNQNLFQPDYLQIIVIFLLTWLISFFSMSFIYLLISYKTYRKDVATLLR
OG0000002,gi|71851504|gb|AAZ44112.1|,Mycoplasma hyopneumoniae,MIEIKNLSKKIADRLILNKINLEIPSNKITFVIGKSGIGKTTLINLIAGFTKKDEGEILFFKDGKEEKNPLIDVVFQDFNLIEQLSVKNNILIGNSLIQKETNLNLLEKSASFLNIQSSKLKQKTNDLSGGEKQRVAILRAFSRNSDFILLDEPTGNLDRENGIAVFESLKKLSSNKTILVVSHNLEMARLYADQIIHIKKDTIDVEIFEKNGQNQENNNKNSSFHQKNKEKHINFWGKFKTGLLLSIVDFKSKIITTILLIFSFLATIFGIVLFGVLNSNVQGINTEKIFQEHLDSVLIRKNSNYDKFENDEINKIEKSSNKIVKILPLYSAPTMLFSYNNNQPKNSPVDFVDESEFFSKRFKIGTNDLQGRFIKNENEIIISAALASELEIKDPIGKKIKFIDFLNNKNKKELLIVGVNNSFNNDNLNLSFVHFNLPKSTLFENTKNVDKNDQIFSFVESDDLKRVEITKNYYENQPEIKKFKLLEGNFPKNSNEIAISKNLNDYISFNEKKSLIDSKISSLSKNNGQIFNFKIVGIFDQNDQEKQNIKAKTDLKTTIKNEVIFHHSIIPESKNLSPLLLKVFFEHKNLSENIEKFKSTFPEFEPIEKSSIINNLFFDLQTLTQVIIFTVLIIFSLSLVVLTIFYAKNLTDSKRKMIGVLKALGAKTARIFGYHWMTLIFIAFLIFVFGLILIVPITPEIYSAISNNNYRFPSYEQVCLYFLLVWIILFFILSFIYLLISWFFYSKPVVQLLK
OG0000002,gi|71851505|gb|AAZ44113.1|,Mycoplasma hyopneumoniae,MIKIINLNKKDANKWIFKKINLVIPANKLVFIVGAAGIGKSTLINLIAGFTKKDEGEIIFFKDGKEEKNPLIDVVFQDFNLIENLSVKNNILIGNSLIQKEFDQNLLEKRANFLNIENEKLNQQVKDLSGGEKQRVGILRAFSRNSDFILLDEPTGNLDEENEIAVFESLKKLSKNKTILVASRNLDLAKKYADQIIHLKNNSVEIEICEKNEEIKSEIFDFETKIEQKPVSFSTKFKTGLLLVFADFRLKMVSTILLIFAFFMAIFGIVSYFSLTSKVEAVSKSKIFQHQLDSISIWKGPGNQFEVEEIKKIEEKGGNIAKILPFYVTYMSFSYNGQQSSHGYVDFVDESEFFSKRFKPGTKDFQGRFIRNENEIIISSKLIKELKIENPIGKKIKFIDDINGRMDQELLIVGINNASNQWNQQLSFVHFNLPKSTFIKNKQKNLNKENDQIFSFLESGNSKKAQISKIYYESQPEIKKFKLLEGNFPKNSDEIVISSNLQNFINSNKNSIINNIVYSWSGNTGQNFDFKIVGVYDSKNQNGELNDKIEKNSIPKTEVIFHHTIIEKSKTFKPIFLKIFFNYKNLNENIKNFWNSFPEYKKLEPVKTVRDNFEGPIKVLSWFFIAISVFLSIISLIAMIFYSINLASSKRKIIRLLKNLKAKQWQIFLYHWMTCVFISVLAFVFGFVVLMPLIPEIYHWISGQNVVLPSYSIISFYVFVVWLAGFLIFSIFSLLTLRTNYKRSIA
OG0000002,gi|71851506|gb|AAZ44114.1|,Mycoplasma hyopneumoniae,MIIINNLSKKFETKSIFEKINLEIPTNKLTFVVGESGMGKSTLINLIAGFTKKDEGEIIFFKDGKEEKNPLIDVVFQDFNLIENLSVKNNILIGNSLIQKEFDQNLLEKRANFLNIENEKLNQQVKDLSGGEKQRVGILRAFSRNSDFILLDEPTGNLDEENAVAVFENLKKLSKNKTILVVSHNLELAKKYADQIIHIKKDTIDVETFDKKKKTQENESENSAFVSKIEQKPVFNFLTKYKTGFLLAFADFKTKITTFILLIIVFFVFISGGTLFTSLQISAKNLNLSKVQEYSMDSVIINRPFIGIPFSEEDQQEIVKNNSKIEKLIPDYQNLMRNIGFFYSKKLAIDNLIMPIDQSNFFKKRLYTKEVDGNFIKNENEIIISTDVVRVLKIKNPIGQKINVVYYNLAKIDKKNKELDLNQFRHIEATIVGVNNKLVENFAYSYLHHNLIKSIFEKEYLKNQTLEPFESISWIGKNYKTARVDQVHEIRDGEEKEVSKFYYDNQPEISKLKLLKGNFPKNYDEIAISSNYSFIGKDSLNLIGDFLETNTNLANQNVVLKIVGVFEPEKQLNGAVDGRFGTVVLNHQIQKMQKTLRPNTLRLYFSNDDLYRNIKNFEKNHPYFLINGGAERTLGLLINAKIILQLILFGVLIIFSITFSIFIGFFARNLCWSKRKTVGILKALGAQTKKILFYHWLDLLILSFAVLFLGFIFIVPIIPEIYKGISHQDFAQPSYTQVIFVFSIIWAIMFTILTLIYIITSLWTYRKPVVQLLKN
OG0000002,gi|71851779|gb|AAZ44387.1|,Mycoplasma hyopneumoniae,MIKIQNLTKKIDNRFIFSSLNLEIPSNKVTFVVGQSGIGKTTLINLIAGFTKKDSGKISFFDENGSEIKKPLVDVVFQDFNLIEKITSNDNILIGNNVINKLLDKNALSQNANLMSIKTEQLEQKVNNLSGGERQRIAILRSLSRDCGFILLDEPTRNLDIENAKIVFENLTNIAKNKTILVVSHNLDLAKKYADKIVYIETSKITEEIFAKNSQNQPLIAKNSDLKYQETAKNSKLSKIKQEFKTGFLLTITDFKSKFTSSILFLMLFLTSFFGTLLFGVLNLNISSTNLQKTIEYQLDSVVINKKPNGKIGAFSTDEITKLKENNPKIVKIVPFFNFPKVTFSYGDKIEFDSSVDYIDESDFFKNRFIFENKNLVGRNIQNKDEIIISKSLATKFNIKEPNNQKITVSTLRRTVVDLKVVGISSLTTLNRLNFSFLHHKFNELGKPVQKKNGTNENLNNNKPEKIDPSILKLYFNIDDDLANNIENFAKNNKEFETQSALGGISKSILNTQSFTNIVIGAILVLFIIILLIQTVFYAKNLSDSKMKLIGILKALSAKTWQIFFYHWLNIIIISLFILFINSVVFIPSMGKIYTSIMGQDILLPSLTQVGNLLIIIWLIMFVSISVIYLIISWISYRKPVIKLLKFEQF
OG0000002,gi|71851788|gb|AAZ44396.1|,Mycoplasma hyopneumoniae,MIKIEKLTKKIGNKFIFDNLNLEIPLNKITFVIGRSGIGKSTLINLIAGFTKKDSGKISFFDKNGSELEKPLVDVVFQDFNLIDSLSIKNNILIANHILNRESDDLEIQQAANSIGIETNKLDQIAKNLSGGEKQRAAFLRSLSRKSDFILLDEPTGNLDHENSIALLDLLVKASESKTILIVSHDLELANQYADQIINLENLSVNVIENNKQINVESKNKHLNLISNQVYKKPGFLQKFKVALLLVLADFKSKITSFILVLVTFFALIFSIVVFMNLHFSAKNIVTDTLAQSNFDAIRIGEKDIISLVPEEIDQLKKDNPKIKHTSLLYSRLQDYTFIYNDNVSLENRSIRSTDESDFFKNRFSSFSKNKNFNNRFITNPNEVILSQKLIEELEIDNPIGKTIKIVHLNRLTLGKNFEDLDPFSESATIVGILDKSLDNGNNFSLVHIDKLKSVYQKSNPNEKESKFDEFEFLPDDYFSLDFLGYVSSRPLTVETDETLAKPNKIHKSFYENSNQANSINLKKGTLPKNFNEIAVSSNITDKTGKLLKISNNKNTLIFKVVGVFDPEKDDENIAIFNNNIEKYSSELLPIAAVVYFDHDNLYNNINEFLNKYSKPGVSRYYSTNGGPDQILNRAINSQYVLLLIIFVSIIIFGISLLIFVSLYATNLSKFKKKSIGILKSLGGKTSQIFLYHWLNLVILSAFVFVFGIIFSISFVPLIYGAISNQNSVFPDYLQISVIFIIIWFASFFILSIIYSLISYITYKKDIVTLLK
OG0000002,gi|71851789|gb|AAZ44397.1|,Mycoplasma hyopneumoniae,MIKIENLTKKIDNKIIFDSLNLEIPSRKITFIIGKSGIGKTTLINLIAGFTKKDSGKITFFDKNGSEIKKPLVDVVFQDFNLIPKISSENNILIANNVINRVLDPKELEQQAKYVSIETRQLKQNVNNLSGGEKQRIAILRSLSRDSDFILLDEPTGNLDFENGISVFENLKNIAKNKTILVVSHNLEFAKKYADKIIRIEKGKISEENIDKTEENLANNNEKNSQLVSFKSSSYSKIAKIRQELKTGLFLTLADYKSKWVSTILFVILFLTSIFGTLLFAVLNLNISASNSLKVNEYQLDSVLVSKKSERNLTTFTDNEINNLREKNKTIKKITPFFTLPSLSFEYNDKRRLGAPIDYIDESEFFKNRFNFDQKNLIGRNIEKLDEVIISKELATQFDIKEPKEQEIAVLTGPKDKKTLKVVGINNLVNAKKLNLTFLHHKFGENIELQKSKNRKPDNSQASQIKKIEPIILRLYFENNNLENNIDNFIKNNKDYQIDSSLKGITKLTYDLQNFINLIVGAILIVFIVVLLIQTIFYTKNLTDSKVKLIGILKALRAKTWQIFLYHWLNIIIISFLILVINLSVSLPLIPKIYIWILGEDAIYPSISQIVILIFIIWIAMFFIISFIYLLISWFNYKKPVTKLLKFDHF
OG0000002,gi|71851814|gb|AAZ44422.1|,Mycoplasma hyopneumoniae,MVKIKNLTKNFNQRAIFTNFSLDIPSNELVFVVGPSGIGKTTLINLIANFSQKDGGEILFYKDNKVVKNPLIDVVFQDFNLIESATGIENIKIGTNAINFNIDEKNIEENASFVNISKENLANKVSDLSGGQKQRIAILRSLARESDFILLDEPTGNLDVENAKILFEKIQILKKNKTILIVSHNLDLAKKYGDRIIYLKNESVLEIDKIEEINKGESLNKTDYDFRFEKKPLKISDKFRSIILFLKLDFKNKIIITTLLVITFLISILSLNLFATLDTHAKGIDSQRIHQYNLDSFEVKKRGISPFFDGEIEKFNTKKDIVNKIIPVYSTQNFAFTYNNKGKELISEKNTIELIDQSDFFKSRFKFDDKNLQGNFIQNENEIIISNSVVTKLKITDPIGKKIKIKAIRNSNVDKIPTIFEVAIVGINYSTNVLGRIPSFLHYNLTKKINEAFFVKNTVGDSLFNDITIAPLNAKNFQVLEVEKKHFLKDLKVENLKISDGELPKNKDEIVVSVNTIDKINNIIDNLNNRITELNKNNDFKIDKYEMLKIGSKVRLSNKTGHDIPFKIVGTFDLKENHHLQEQKSEVGAPEEERREFKYQIIMHNDGDEYRNQIRPQAAKIFLKSDNINENLASFKKDFSNFLYSKDLESIKVLVLSSTFLIKAVLLVIQIILIVLLVVFSVLYAKNLTQSKIKSIGILKSLGEKTRKIFFLHILNIFVISSLILISGLIISLPSMPYFYNLITTADFISPTYTQIFINFILIWFATSLLIFLIYFFISLRYYKKPVTELLKNSL
OG0000002,gi|71851859|gb|AAZ44467.1|,Mycoplasma hyopneumoniae,MIQIRNVTKKLGTKIILDNISVDIPANKLTFISGQSGVGKTTLLHIIARIAYADSGQISFFDNEQKLIKNPNVDIVFQDFNLIDNISAVDNVKIGTNILGYSFKQDEFVKNANFLNLDSSVFKTKMEDLSGGEKQRISILRSLNRGSEFILFDEPTASLDKENEQIIFEKIKQMSRNHTIVVISHNIEMVKKYADQIIYLDKNGPPITEIIENNSDRELENNEIPPPKVKKISKIFQIKNKLRISPIFVIADISKKITLTILIIIAFLAAIFSISFAFQLNLGTEKVSRQQKYTLALDKNLLEKKSKTTFNLDEINQIEHFESVNSVVPIYSIADLSFYYENRKTGFDSIEQVKINKFFKNRIENDIVNFEGKFIENANEIILSNATAEKLKIKNPIGKTIYLAQGKVTEIAAAKNKMALKIVGINHGIKTSVGKLNTSFNLISFPTFIATETILALENLVIQNNNLQKKLEKQQLFSQISSYYPNENQQNSALVPFKIQLKSTNAQPENLKLITGRIAKKVDEILISTSAVDLNAKYKLKVGDVIESISPLDQKVNLVVVGIFESKISELYYHNQAKEFYNHYQPEQLAAYLVKTEENNGLDGEAKSAKFDLKIIPPSNLIRVITSQSLEIIAIINKVTFAVFIIFVIILIAFILVYAKTISESKQKMIGILKALGGSTLLTLFYHTLNILLISLVVLGLSFLVIFPSMESIHTLVVGNELPPASKYHLSLILLSSWAGLSTVFILIYVLMSLITYKKTTQQLLR
OG0000002,gi|71852025|gb|AAZ44633.1|,Mycoplasma hyopneumoniae,MTSVSKGESILEFGGFSNSDSFGFSSSPTWIKSVDINSFSKNNMKNYVNFQGRFLEKDNEIIVSQDFANLKDVKIGDTIEYKYKIPDVLANQDPIIHREKFKIVGTVGYINTSSDFYILISNNGYKNLVKNIFNFSKKFLIQDKTGKNNETDFAKFLIQNLSLYGIKKEISKNSQFPKITEYKQFNFIKNFSLDNNVKTPISGKIPAKNNEILVNQKLIDLFKQKLNLNLNIGDEINFTLQNPNFLFFKDQLFIFKISGIFDSDEASQILFNKNVVQVFDNALDDNLPFKLDIFHNSGENPVQNLLSKLEKKGYEAIKKLEYEAHVGVAEIWSVILGVLIMIILLISSFFAYGFGLKQLKINNLIIDGFSANENKKIVIKKINSYWFFILSLVFLTSFLLFFLSSQLPFFNHYLENRPKNYIIGRISLDLFWISLVYLIFSTIIFEATIYFKYWKNFVKIKNVASTKRL
OG0000003,gi|1046010|gb|AAC71532.1|,Mycoplasma genitalium,MRLEIENGLEFVNDPVVNELGKICFFHPFTGNLTNKLSFRSHFNRYSFYAINYPGHGNSVINNPKQLEFSYWLEITKQFFDKHNLKDVILFGHSIGGGLAVALTNYLSSDQYKAVLLEAPLNPAIVETPLNIVQNLIPDPDSDFAVIQKCLVYNIEKKLGANFKEYCEREKQKSIHQNQRLKVMLEPSTLKQNIVLINAAFLKLNCPALWIHGKQDGIIKYLPSKAYYESLNNKQIQFKAIEAAAHTPYFEQPQKFLSLVNDFFQLIS
OG0000003,gi|144227478|gb|AAZ44221.2|,Mycoplasma hyopneumoniae,MINSQSNNILDNWNYPFVINRNPFSKIHIVFCHGFNSNHNVFSSTIDSISKKIPLNYYSFTLPGNNLTPASEDQLYLEYYADLTVSFIKKLNLKEVILVGHSMGAAIAALIYKRIPKMIVKIVFIAPMNKANLPLKDFFYEKFFPKTPEEMLEFMPIYEYDKEKYKDPKYLKWAKSLYNYEYFNNFNIVSLAQNLLKNNMMDQIEQALKSIKIPTLLVLGQRDGIVLQQETKTYFESLIPKVQTEIIPKTGHLIYSENPEYFNQIFSDFIKKTL
OG0000003,gi|290752269|emb|CBH40240.1|,Mycoplasma agalactiae,MKPIYKYNVVFKDNNNPNENIIFCHGLNSTADRFDIFKNYWTKSNYYSLQFPASNLTPVLDGDEPSVFCFAKLLVEFVEKNNLKNVTLIGHSLGGGTISLAYQLRPDLFKKLVYLAPMNKPALALYDRYKKDYFPKDYEGFLDLMRSLYYDISKFTSDPNWVKEQKENFDPYLYNNPDIVKLGTPDMNVFNAIEETLKIVKVPTLLILGEKDGVILREECIDYFKKYVKDVETHWIPKTGHMMYLEDWDSFIKILEPFLDK
OG0000003,gi|290752270|emb|CBH40241.1|,Mycoplasma agalactiae,MNVIYKYDFVFKDNNNPDENIIFCHGFNSSPNSFKIFENYWTKSNYYALQFPGNNHTEIKEGDEATVECYSDLLIKFIEDNKLKNIILIGHSMGGGTISLAYQKRPELFKKLIYLAPTNKSSQNVTEAFLRDYFPKTFDEFIGFFKSLYYDVTKFTSNESWMRLVKNTFDPYDFNNPTIVGLGQYLISNYFHDKLELALQSVNVPALLILGEDDGVVDRDLCINYFKENVKGVQSLWMPKTGHMMFEEDWENFIKIVEEFINRSELASPKAL
OG0000003,gi|290752414|emb|CBH40385.1|,Mycoplasma agalactiae,MSKSKIIYDYPYYFKDNNSEQNIIFCHGFNSRHTALELFSSQHQEFNYYALQFPGSNLTKPVKNHKISVVYYAKLLIDFITKNNIKNITLIGKSFGAATAVLAYKTRPELFEKLILITPINKTQLNLDVWKDKQYLPSNFDEYLNNFIPLIYYNWESLQNDSNWVSVAKSKFNTNYYNNEWVKTLDKELTSIKIHNEIEQAYLSVKIPTLIVLADSDKLIDCQMSQMYFNKTIPIAKIEVIKDSAHMVYKEKSYLLNSIIEKFISE
OG0000003,gi|290752490|emb|CBH40462.1|,Mycoplasma agalactiae,MEKVIYDYEYVFKDNGNKDGAIIYCHGHNSKPEIFEMFQNYWTKTNYYAIQFPGNNLVKPVKDHKLNVNQFAQLLVDFITNNGLKNVTLIGHSMGGGTISLAYKLRPDLISKLIYIAPINKTTSLSKGKYRRNFAPSTLSEYHDFLRPLYYDFDKLIANPEFSEEVKKAFDPERFSNEYIKELTMSMDSSLYDQIESALDSIKVPTLLILGEEDGVIDSESCLEYFKEHVKNLESIIVPKSAHIIYLENWPVFIEAVEKFLNK
OG0000003,gi|290752766|emb|CBH40741.1|,Mycoplasma agalactiae,MKNVVYDYEVVFKDNNNPNENIVFCHGFNSSPKTFKTFEKYWTKSNYYALQFPGNNNVAPINNHEVSVPQFAKLVVDFVEKNNLKNVTLVGHSMGGGTISLAYKLKPELFKKMVYIAPMNKTSLALADDYRKDYFPKTFDDFLMFLKSLYYDTSTFTSNSEWMKNAKKNFDANDYNNETIVKLGESLPVLELHNQIEQGLDSINVPTILILGEKDGVIRREECMAYFKEHVKNVETVYIPKTGHMMFEENWDEFIKILESFLDK
OG0000003,gi|3844907|gb|AAC71551.1|,Mycoplasma genitalium,MLTSNKNTLFNSIFAFKPKKRKNVFIFLHGFGSEYASFSRIFSLFKKKKWPFFTFNFPGHGDNESTDTDQLKLNHFVDLVCDFIVQKKLNNVILIGHSMGGAVAVLVNKVIPLKIKALILVAPMNQTSFSVNKKRILDTFFKRNNSNHKDFVEHEEKRKSLLKIAINAFKKRTTFKTLYSDMVQNAKYGNDSLERAYEMIGNKPTLVILGANDIVTPTKASVDYLANKSDKIIFKVIDGVGHSPHDSAPKLFFDYVLEFLDNLKKQRY
OG0000003,gi|3844927|gb|AAC71569.1|,Mycoplasma genitalium,MKRFSDLNQIDISKLEVFFQPAKKTKKQTVVFAHGFSVFHSYFQSFYKTLTDYDYYAPLWPGHNVNGFDYKELSPIHYGELLAAFIENKDLENIVLIGHSMGAAVCSYAMNLLNAKRVEKLILLAPLSYCNLLRYFKIKSSFKKDKAERMANFKAMFQTKFSNLTDENSWENELSKHSKMAKKLSNNILKELPVLNKTYKNLKLPVFLVLAQNDLFMPTKLTLSYFNKYLIKNNNLQSSVILNSEHQMFNSKYESFCKAMDDILNHNKLSKIY
OG0000004,gi|144227678|gb|AAZ44609.2|,Mycoplasma hyopneumoniae,MQKPDFSKAFKIFLSYSSCLTSSLALLSCYSSLTSNRDSRTPNQNENELTDKKNTNTSNRFKNNVILSEIKYLTLGDSISAGFNWDYSFDFRGNINKNLKIKGLSYAAFFADFIQKIKPNAIKSFDNLALSWTTIKDWLYLLDSENEKFQNFDKIRLNFNYELDKLTKSPYGKQIRDVFGNFSAKNYPKLKEKIKNANLLTVSLGANDLMESIDFKTIAKPNQKIATKAEAAAEFVAKINLAIVKLEKNLNIFIEKIRKINPNLEIVLVGYNILFSSSMKFFDKLLTNELGLPNNYTIIALKQLNEAVKKVAQKHGINFVDLYNERSWLDKTNKFAKNEFDIHPSTKGYKKMAQDLLFKLALEQGPNFKTDYFEKLDWNQEYFERDSNCYKRVLNLGPNSEIFKTLSIDNSVNKFITNKSEIEEISSAEIEKVKNSQLAILSRIWYEVSFGTFIDGFLRSNTQISEKLREMLINFWQQNAKNNPSFSKLLHQFLQSDFWLEIIGRFQNYINDVIINQNLEKATISGLTNFLFTDFSEKKLISVFKDAVNSDFASQNINKIKELIFICVFGQSAIQELLINSIIGISAEYKSDLQVIFSFESTRNLFTKIINDFVLESAKYENVNNFLDILKIFLDKPKNYENIVKFSRNFISESLKHRKTVNFLVQIINSNFNLNLSEDDKNALISLLLSVSDTIIRTKTWEKLNNEGAKSFLNIVKNTDFRHTSKKISTILGSQVQGTYALFFKNTTNLINLLHELLSFDLSNYQIEVLKRLLTKLYPLISKFKLSYFISTDSPNYNNFSVFFNSVKGFLIENSFQIFNKIISEAINDFVVNKLLYQKIGNLNRFGFEFLRNNLEKFEENIFDFLAKCVNNIDFFTNLSDLINKSLQSEGLSQKSVLTFSKIIKTIFDDFGEKYKNKQLNKNEQDENLIFILVKEAIKSFKNFTNDNFNKYNELKVNLEKAEDEKNNSKINFYKTKIDELENNLSIINFSNFFLKNLIETDIKYKILKNIAKINLKNKIGSQDLILFFKDLFSKSFLHKQIVSNLENNRIFGKEGVKNSLLELLVNFFNSNQVEKLLEKFVDYFFESKKFEKTTDFTGFVTNFIKEHAELIEKIFGLFLGDTATWNSLSNFLMSIFQASKINLSEKATTTILTLVRNIFTKWKNSTLNFENNQKKESPLVIQALIKIIFDSFSDKHTLTKSIFESIIDSLSVDIANNYYKKNENSWSTSDQISQNEIANLFAEIAQTEAISEKIKSNFINIHLEYREKIQQIFDAFLKSNALVELFDGYFKIIAKAEINEPLNNFSLVKSLFENQYFTKIIGKFIIKLENNVNLKQNFTLLLSKIFNVNFEENEFEPLFKLIKYIIQDNINNYYSNEEDPKNFLYKKLTNNSNLSSENTSQNNENLGTENSENTIKYGIYFKKNALLTKLVSLISKLANTNLSTANINFILENEIGNEEFIIEFLKQIGCVFDKITKTDQEKIWEILVKIFKSNFLKKGIEFFKFSNFNKYKLFEELSIQKKEQINSALRSAMENFLPNPVNKLLIFRIFNFINQNPDKFKEIRKFSGLLTEFLKDNQTSSNMQENQKLTEKIDNSAFLKSYLWYLINFLVKNEEFSQLIVSQILEYLHLDIKDEKNSYLKTKGISNPEEIIKNFLNHFINLGFENKIIEKILDQIINSVKSAHLEAKSNFFDNILTNLKLSEVLNLDLLVNLEEKITDEKTLNNKLPQLEPKIDEHNLIINLPQNQQIPIDSFVDFLDLIFLASPKWNKEKQAEVSPLLKELNNITYTGISFADLLKSNQRDLKLEAISKLFSKIYSENITKENYKNSARGRNLYRFLLMLLFYAYESRIKNSPLRTSAFYGSILSSSTASEMILNSLKNAGKNEKNSQKYSEFIDFLKGNPIKVKGWLINTWYTAKDVRLDDMLTLIYYNNEDNRFKNETGQEKLKDQILEQIRQGHFPDNFENPKIISK
OG0000004,gi|290752895|emb|CBH40870.1|,Mycoplasma agalactiae,MKKGLLLKGGLLAFASPLISSACFVANIDKGQKESHDEMFSRGEPARPGRQCGKVLSDNPTCSVINKIEIDNSAHKQVDSSKAFLTSAKLTGELFSDEYANMAKKAVDRYKKHGDKHAYESAKMSAELFSDEYANMAKKAVDRYKKHGDKHAYESAKMSAELFSDSFGKAIEEVKARVYRDSISGLDIDLHPTKAQLEAEEKHLSELVKKILEDNKENNKKSFEFREKWNSKFVNDISGLDIKDSQLLDPWWIAYKNKLDALSRNIDKEVNNVNDIRKEITKLIEQIQKIKSEIEIKKIENASSVLTEKLFDESDADKIKDAERRYAKELADKLKVYKNHRNKSANTTAELFSNKWLSEIEKAKRDKEIASKIYNDSASGLDINIHWTKEDLNRWANKVLKDNWDLNKGTLDKIKAADITGKIFDDTYTDAIKKASERKARAEEAREAAEAEAEIKLIDHKVSASDITGELFSNEHQKWVEKVKNNIKTRIYRDSKSGLDIDIHWTKEDLDRAVNNILKANLKLNLDKLNELKAANLIAKIFDDTYTDAIKEIERKEKAEEAKEAAKVDKEIERINHKVSASDITGELFSVDHQKWVNKIKNNIKARIYRDSKSGLDINIHPTREELDEMVKRILSKNLKDNKIAWLSALSARDTGKIFDDTYTDAIKRAKEHEQWLKQFKEPVVFDSRSWDWFVKDPELDKYWLPKVRTYLKRKVLLQVNKDIDKKAANEIIKGLNDIIDNNSGILEIKDGNVWSVDKKWYSSLIGGIHYIIPGFTLNHSISNVLRRYITTGGDKDNNHPTIGGFGVGQNGLFVSRLGAGVFSIQARLALKDGTYSNTIYNQIIDLSKYLK
OG0000004,gi|290752904|emb|CBH40879.1|,Mycoplasma agalactiae,MKKKWILKGGLLALFSPLLSSSCFVTNTENPADPSNGTPPNGGGGSTNPGNGSIPGGGGTPDNGSRSGGGNEGGSGGNNKKPGGNNQARLVVWSDIFRDSISGEDILLHPTKEQIEKEEKRLDEEVKRILDKVKKENEEKNKAIIEKFEKEEKRLEEEVKKILEENKINNEKIFKEFVENKWKDIFDNSPSGADAGCKGLYDYNGFNDKVLLKYKDWLLNRIKGYDDIINARDNYSALLRKQYEDLADKLAKELEAKRQDIKKKLSENRLKLNYLENEKLVKARKELAETKESKKDILDLLEGAKEEKEYYANVDKVASVEMPKVKSIGEKIDKLEGKIKELQSKIDSISSQIKQKIELHNLISNVSERVNELKQQNKYLEERIKDKKQDDSFANSFVFNVENKFNHDLLKEWNLKIEQNNEETKELEEEIQRFLKDYENALSAIDKLVKDHESSNKEKDELDKQLVKLIVEVTSLTKGTKDWKSYLEQKEKEVAKAKENVALYENESKRLADLMKTGDSEESKGEKEVKESEADLVQLRKEQESLLKEQKALEEKEKVISVLISQSDKNEERFDRITFKYDVEKEKLIAELEKIEKILEQRKQRRYKEIFEYGSARETADLFSDEWLREIEKAKRNREMISRIYRDSKSGLDINLLSKDELEKWVEYFLDKNYKETKARFLEALAAKDTAALFDDKFSSEVADAKARAKIIATRKWEDLFNKKPLWDEITPTSLFGEYKERIDKYYKTELALFTKLEKENDEKIEKYKKERADYIEGLKKDLETDKSNLKKKKQGVDKYIEELNNLLASSNINSELSLAKETITELNDLLDGAKDELKFYVDKNSDFDEITLELESARENALFAGKNISELEKTLPKLESEKQELNKTYDKKISDTNVSLEEAKTKESKLNKPTKPLVDEIERDEKINAFIIYGASDESNFKKLEEAHKEKYRNYKQLLELEAEIEKLNKSLSDDQQAKQKAISKVEADIESKKNELNGYMEAKKFFVDEESRITKLLLEKNDEIGKIREYINLYNGDINKIETFIKEVTKKEMDLSKESDKINKEISKTKKESQRLEVIIRDTETRDKKINDLEKKYEQEIEKLEKEAHNKEKDIASRLVKLEKELKEFK
OG0000004,gi|290752905|emb|CBH40880.1|,Mycoplasma agalactiae,MKKTLLAKNVLLLFSMPLISSACYVPNILENSANKPVWKDFSNKNLNDVLPQWNKVFIDSPTGHDISKIELDKWEKSRLKNSKGFLASAKMTGELFSDEFLDYEISVIKNEIDSRIHNQEHSISSAENTARMFDDTYTDLAKKAVERYKKHTDKHLSESAKHFAELFSDKHKAWVDKVKSNIKAKIYRDSTSGLDIKLYPTDKQMEDENKRLEKEVNKILRKNWDLNKAQLDSISVAKEVELLFSNSKDELIKQAEETYAKELADKDIKHIDNTVSSSETTKELFNSWLKDYINKLLEKEIRDKVDSNIKYDEHRISSANETEALFDEEVSKLAKEALARWAKAEEEREAKRVDKIIELIDNKVSASNSTKDLFSNDYLKEIEKAKRDKEMGSKIYNDSPSGLDINIHWTNDDLERVVNKILKDNKELNKTRWSEFKTVNDIAKIFDDTYTDLIKLAIEREKQRKEKEFLEYKIVSSKEFEWIFTEPEWNNYLLPVLETYSNNNNLFAIDKLSSFEKARLKKLFDSSLKYTEGIIPVINGELFFANKYRTDWYIKPKASLVRFAKLKINKNLSPFYKLINTRNEDNTLASLGYLNQDNKLGIKVTKTDNIYKLEWKLALRNGELDSKTYTFEIDFRKL
OG0000004,gi|290752906|emb|CBH40881.1|,Mycoplasma agalactiae,MRKRLLLKGDLLTLVAPLISSACFVPNYEKDIDKNIDDKNEVNRQWEKIFIDSPTGSDIKKLEIDDWAKIQIESSKAFLSSAKMTEDIFSDEFKNLANNAINRYKKHGDKHAYESAKMTKSLFSDSLGRSVESIKTKAYRDSISGLDIDIHPSNEQLKDEEKRLDELVKRILDNVRRDNEKILNFISKWNSKFSNSITGADIKKSQLIDPWWIAYKKYIELLENQIDKATDKTNKIREEITKLIESINKIKLDRKADIYANDSSNYTTRLFDESNADKIKDAEEIYAKELADKYYSYVDNKVSSAESTKKIFDDSLIDLTKEAIERYKNHGDKHASESAKMVAELFSDSFKRAIENIKTKIYRDSISGEDINIHWTNDDIERAVNKALKENLDLNLSKLNEFKAANDIAKIFDDAYTDLTKEAIERYKNHGDKHAFESARMIAELFSDSLKRSIESIKTKIYRDSASGLDIDIHWTNEDLDRWTSKVLRDNWDLNKGILDKIKSADITGKLFDNSYDRAIDEVKAKVYRDSISGLDIELHPTKEQLKAELKKLNDEVSKYLEENLRINKAKFAETSSAISTGKLFDDEYTDLVKSAKNRTKESIFFDLRNRDWWFKDPNLDLLRLPILKKHYFHNSLFKINPDFTNDRKKIKDLATKLDIEIIDRQKGVMEIIDGKLYWTQEGAHNSVIYKEIEGIVLNSNLSEEEKNNISSIEHNGKKPTIGGYAFDKHIGVLVEKINNPENKIQYRITYKLFLKNGESYKDDNKQDTRSQIIDLSSSAGTLTNN
OG0000004,gi|290752907|emb|CBH40882.1|,Mycoplasma agalactiae,MKKKWLLKGGLIALFSPLLSSACFVQNSDKPTDPANRVPVDGGTPSGGGNNGQPGNSTQPGNGDQSGGGTRPGDNSQARFVHSWDEIFNDSPTGADIFWHPSKDELEKEEKRLDDEVKKILDENKKINEKIFNEFIKSRIDSIFRDSPTGMDITLHPTKEELEKEEKRLADEVKKILDENKKISEKIFNEFVANGWYAIFRDDATGSEIGKVSIYDYETMSDKALNKLKAHFMKVKEFYDNIVSSSDKASESLRKQYEAYISNLKNELETNKKAIEKKIAENKSKLNYLEKEKIVKAKAELAETKESKKDILDLLEGAKEEKAYYESEAKIANEEVAKIKVFGDKIDALEKQIKESEAKIEKISSDVKKKDVFSQLLKSFYQSSYELKKQIEYLEDRIKDKNSNNFSEEFYFNNDVKFNYELISEWNKAIERDNEELTELQNEINMFLKDNAKAIEEINKLIDEANKEGHNKDNLASELEKLNEQVKALAKSSKDWRTYLNSKSKEAKKYNDNVATYDKDIEKLNAHMATGEKEEAAGTQVVKEAEEDLAQLKAEERQLEAELVKLLEKEKIISVLEKNKDKNNDSFDKNVFKYEIQSDKVADEIEKIEKVLEKRKQERIKKILTGVSEITKELFSDEFPNLVKEAVERYKKHGDKHASESAKMTAELFQDLYKKAVEEVKARIYRDSKSGLDINAYLTKEQIDKIVKDYLAENWRNNKAKFDEYLAAKETEEIFGNGYAKAIEEVKARIFRDSKSGLDIDIYLTDAEINKIVKEILEDNYWTNKAKFDEALASKETEEIFENGYAKAIEEVKAKYEKMIANLMAEKNKLNKEWKETEADLAKKEADLEIDKNKRIADINSNYEKNKHILEELKNKNNDELKKLLDANSNKDIKSELKSAKESLVDLNDLWWGAKVLADEYNLQKAELEEMIKKGNLVGNEIEKITELLEKVKTVSDMNEESIRKATAERKDEYERIYAEAIKEEKDLLSKLDEEDKLLLKVIQELTSWKWDSDQWYYSKREMDGFNHQHIARLKDAMWSNDKERKRINKLLADKVLEKEKDEKLDKLEEEIKAEIEKAKNEKQMLTKTLEKLNAEKTEIVKVISDHSRISKINDLSDLYNKNQKEIKAMIDKVSETEKDLSIKLSEFDSKFNKLQAEKEEINKWLAELEENNEAIITMEDDDYNSKVDNLDSEAYKLEKEKDIKEAELDTKINKFNKIISELNRK
OG0000004,gi|290752910|emb|CBH40885.1|,Mycoplasma agalactiae,MRKKLLLSSGILALSSPLLSSACYVANVWDKPADNHSDWKNPPNHSGSNATKLVIIKDDDFDAKHINMAVNEILEDNLKLNLAKLNELKAANVIAKIFDDTYTDAIKEIERKAKADEAKEKDKVDKEIELIDHKISASDITGELFALLTKEIDKASIEKAEKANLDKQQEWVDALLKEIKDLNEQVASEMYAYSIAKKEEYASILTKKIFEDSDADKIKDAEKRYAKELADKLKVYNNHRTKSSNTTADLFSDDWLREIEKAKRDKEISSKIYNDSASGLDINIHWTKEDLERWVKKALKDNLKLNLDKLNELKAANVIAKIFDDTYTDEIKEIERKAKAEEAKEAVKVDAEIGLTEHLISSSDITGELFALLTKEIDKASNEKAEKANLDKQQEWVDALLKEIKDLNEKVASEMNAYSIAKKEEYASRVTGELFSNDHLKDIEKAKRDREISSRIYNDSASGLDIKIHWTKEDLERWTNKILRDNWDLNKVTLDKIESANITGKIFDDTYTDAIKEIERKAKAEEDREAAKAEAEIMSIDHKVAASDITGELFALLTKEIDKASIEKAEKANLDKQQEWVDALLKEIKDLNEQVTSEMNAYSIAKKEEYASRVTGELFSNDHLMEIEKAKRDREISSKIYNDSASGLDIKIHWTKEDLERWTNKVLRDNWDLNKGTLDKIESANITGKIFDDTYTDAIKEALERKARAEEAREAAKAEAEIKLIDHKVSASDITGELFSDEHQKWVEKVKNNIKARIYRDSKSGLDIDLHPTDAQIESENKRLDDEAKKIIANNRRVNKEFVKSWLNDYKNRIFRDSPSGLDINWYSSDKMPNSSAISEISIDDINKEFLKNFALEGLLSSQEGISEEDAKEALSNIFDSENKDEVISSFVNSFFKNDDKFKNIKSYSKLLSELISKTDDQKVRSHIKLWLVKNAYDEKTKLFDEMAKVLIAKFNKNNYRIPDDKMPRISWFLKSITRYIVSSTNQNDQETGQLPQIFNDITDGIINMLKSLNDDDNILAKTAEGAESGESKFITENGFISFAKVFKNVDIFKKIFENTSHKAYADFVNIMFKYADGFDDKGLYHEIFNSGKKTKLAKSLWLEKGGPGLVHHGIFKIMSVFIKPLIKNYVNELYESTEIYTDPQDVKTKVEGYQAVWRMYTAFAAILYSNRIPIIYWELDDGTSESYLRKMVEEEFESAARKKELNKYDGHYNAIGLINNYSVNPRFWAGVSDYELNSTDNRQDNWKYARDYVLNYIYYHDKYDESYNPSKTKRMVLIEDLKKGYMPVIPKWTR
OG0000004,gi|290752911|emb|CBH40886.1|,Mycoplasma agalactiae,MKLKLKPIIITSVVTFSATVALAVGLSYIPFGDKKIEASGSKNFQNEVHGAPGLPTVDSSITSLDINSHANNLDQRKASSHVIKENEKVKYVALGDSISAGFDSHLDKDYPGNYDKEKNEITGISFPTYLASFIQRSNRENNKLESYTNYASSGTTLEDWKFLLTVDDKSLKELQTKNPTKLAYYKVKFGDNLIEKAKKVKDELQKANLVTITLAANDFMELVSEKLKDPKFLENIQKIKANPTNAIANVSAAFQDTFNSMKKRIDEFSVELKKYVKTENVNFIGYPLPLPHLFVLLDGYLFKNNNSSLIVSQMAINLLNTNIQSQVTKNNFNFINSYDFDFWTKDSNINRLSPTLFDIHPGSFGYKKMAQDVFIKLIVSERNSDKLKEQGINWENKYIYSDANSFSKQLEFDKPFDTVKKVLTSDIDRYLFNENEDDIYKKFSDKRKSGWEWYKKRVLNSSLVKNILHGAIDQLIKFPTVKDADPSSKLANFFTKNNNENLNKLKEWIDKTEFIPNFLLKSELEFQKTYWNKDKNPNHERAKLFDLVNIFKKNLLNESSLISLVAAFFNSDLIQKDKDELKSIIEDFAQNMIVQNVDEKMLSDAINKANEANSSSTIKTESLAKLVKSVLSSESVKKTIGELFIHLANNSKTYEKAKSVGELLHLALQNSDIQKIISDLASNLFDEISKENQLSKEFTNFVFEIIKANGDIFKDIEESKLKDLLSKGIKGLKALDKEFNISKTFIDSLLSQLKGSKISDFSFANVLAQTWSKLSKNFEGKKLDESLIKIFKIVADLDLKSNKETLEKILANSLKYFNKNSYLSKLIAEKVYSASGNRFNDVFAKDKFISLFDKILGSSEFSKAANSLVSALTDIDKNELDKVKTSSELIKMILTKTSVLQSNSEVINLVKKILSFDETKELVSNLIVKFAPELKDVINSENANLFISKLLANNDFQWLLEDFLVRGIFGSQSDLSNFSFENAIKSWLSDSNNNSAIIQKISSLVKSLVKDENSLRFISDILYSQISKLSGMTNDISKDEFAKLFSSISDSLIDQKDIETASNDILKKLFDDVSKDGFKFDLSKFFAGIFKANEKNLNFSSPDNFLFKIFKSVAKSDKVQENKNTTQKLLINAFKFTKQSPELRAKISGYIFQNTNKTSELVNKEDIQKLINAIFDSNEFEVIFSDLAQSIVGLNKTDWEDIISFEDLVQDVFVKFVNIKNTSLGQRANELVKSLLKKDDIKRLIAKIASGLLKSYPTITKDIDSNKLEELFYSLIGKYNDLDKIFEFENIYESLLGYLGLHIGNIDFEELSDQLKDELNRIFENGSIENTILDLAKALVKDNFVKNHKDTLAKLASNIFDFAESKKLISITLANEIINAVGATEFDKLISRDELSSLVHKLLQNRAFSNLFTSSINNLADSEVNTIQGFTTLKQLINLLANKIINSKDFELVKQLAKSLVESSEFTKLVKNASKSFFEFSDSDIKTLFNLLIDSPEITDLAKDFLTKGIFGNSVKLKDLSSLDLIIKSWLKDNNTKDLSAKLEKFFASVLQKDEVATIFARSSFNAAKKYGEVFENITLEEFTQFIKDLFKVLPELGQKLKLREYFVEELFGELKNNGSRASLKKVFDNYIEKLKASLTSEQWDKNLLDLIKAVSSKSLTQNNKAMLTKLIDNTIKKVFTNENFSKDLGNKIFESSANIKTFASKSDFVNLIQKSFKSEHFQKLFKSLTYELLSISADDVNKATSVKSLLDKAVKSLVGKKATEDLIKFAKEFINFDETSNILKNLLNSLGGAKGAVDISIDKIKELINYLADDKDLQELSLSLLTNGFFSDKMRITDFNDYDKLIKTWLADQNVRNKVVENVKSIIKKAFAKDSIRYTYATLIYKLMKNETALIKDINEKDLIALISDSLQNYDKVSHVLELDKWFFSGVFDEIAKNGTKINSKAIEELATKNLKDKFSAQNWEKTAIDLIKSLATTEIVLNHEDTIGQFVANIFDYAAGTKEAGSMIYDQLAKSFDSDKISKYISKDDFNSLVKSIFVKNHKVIASIMRNVTLTMKQDVYKYHNANTIADVLKIYLDSKDKIYLISKDFSVILESFLKEESVKNLIQKLLSTQLSHYKIDVNSEQNKAFFKDLLSELPSLINDLHIIPNVLNGISNGLNKHKSLTDLFSEILGLTAKSLNFEDFSFMRRILNSSTLEKHHKVLGENLKKIAEGASSDDTLVNKFIDDFGLAKLLSSKGITEQDAKDFFKSMLKSGNTKGALDLFIGKLFDDTSKLKDVDSWPKLISTLFKSVEESQAKEHIKKWIIDIVNAKDSKLFKVMAKITIDSLNSDGYEIPADKELDKLSKFFESISKAVVGQNTNGTGSNGQIIEIFNDVIDSVFTALKELKDNDDVFTKIAEAAKNGALKFISNGNVISIAKVFDNIPKFEKLLEKVDAKSYADFINIMFKYAPADENKGLFNAIFNSDKSKGNSSLGARGFWGVIRGKVQQLISAFVTPLMKNYVDELEKSEKVYKTAQEVKENVEGYQALWRVYASLASILYSNTPSGLFWNATNLTSEAFLREGYRMAFQKAIQDKDLKKYKDNYSAVGLVGEKMVNPEFWTGVSGLRHSSTSYWLKDSYYARDYVLIYIYYKDSKDTKYNSQKTKKQVLIEDLKRGFMPVDPQPK
OG0000005,gi|71851791|gb|AAZ44399.1|,Mycoplasma hyopneumoniae,MKKHNLILFNVWGSSKDKIYKYVGWTQGYGKAPKRWFSIGNVQTLEKINPNAIQIIKEKLKLFSNLDDKDKIKTTLLDSLKNSAIIEGSVFIGGELIEKLIEKHNIFESLPKSRHKNMKQIFNYLISKRITDPGSIINAFDKKDDYSNQINTSKNSFYRLLDLVYESQNQLLDSLNKMVISELGKRDNEFYFDSSTVYFETFERNGLRIPGYSKDAKFKEDQIVIALACDKNGIPFHIKVFKGNTADSSTLIPFVLDIESKYNIKNMTIIADRGMSTAANIRFLESKEYNFIISYRAKIGSQKFKNYLLDPSDYVDLNADFKYKKEEFYSSYKNKRYTENIRRRIITYSRKRAIKDSKAREEQIQSFIKKQNKDGFIEVNKLFGKKPKYFREISNMKFELDQSKIDKDKQFDGYYVYETNILNLNVLDIVEKYQKQWNIEANFRSLKGLLNIRPVFLRIDDHILAHTFLCFISLVILKTIIFKINKHISDNKLFANSQLTEVGLVTMLQKLRQRVEFNTLDQQMIFKNRDGVPSDPNIWNRYDFYFDILINQ
OG0000005,gi|71851810|gb|AAZ44418.1|,Mycoplasma hyopneumoniae,MKKHNLILFNVWGSSKDKIYKYVGWTQGYGKAPKRWFSIGNVQTLEKINPNAIQIIKEKLKLFSNLDDKDKIKTTLLDSLKNSAIIEGSVFIGGELIEKLIEKHNIFESLPKSRHKNMKQIFNYLISKRITDPGSIINAFDKKDDYSNQINTSKNSFYRLLDLVYESQNQLLDSLNKMVISELGKRDNEFYFDSSTVYFETFERNGLRIPGYSKDAKFKEDQIVIALACDKNGIPFHIKVFKGNTADSSTLIPFVLDIESKYNIKNMTIIADRGMSTAANIRFLESKEYNFIISYRAKIGSQKFKNYLLDPSDYVDLNTDFKYKKEEFYSSYKNKRYTENIRRRIITYSKKRAIKDSKAREEQIQSFIKKQNKDGFIEVNKLFGKKPKYFREISNMKFELDQSKIDKDKQFDGYYVYETNILNLNVLDIVEKYQKQWNIEANFRSLKGLLNIRPVFLRIDEHILAHTFLCFISLVILKTIIFKINKHISDNKLFANSQLTEVGLVTMLQKLRQRVEFNTLDQQMIFKNRDGVPSDPNIWNRYDFYFDILINQ
OG0000005,gi|71851917|gb|AAZ44525.1|,Mycoplasma hyopneumoniae,MKKHNLILFNVWGSSKDKIYKYVGWTQGYGKAPKRWFSIGNVQTLEKINPNAIQIIKEKLKLFSNLDDKDKIKTTLLDSIKNSAIIEGSVFIGGELIEKLIEKHNIFESLPKSRHKNMRQIFNYLISKRITDPGSIINAFDKKDDYSNQINTSKNSFYRLLDLVYESQNQLLDSLNKMVISELGKRDNEFYFDSSTVYFETFERNGLGIPGYSKDAKFKEDQIVIALACDKNGIPFHIKVFKGNTADSSTLIPFVLDIESKYNIKNMTIIADRGMSTAANIRFLESKEYNFIISYRAKIGSQKFKNYLLDPSDYVDLNTDFKYKKEEFYSSYKNKRYTENIRRRIITYSRKRAIKDSKAREEQIQSFIKKQNKDGFIEVNKLFGKKPKYFREISNMKFELDQSKIDKDKQFDGYYVYETNILNLNVLDIVEKYQKQWNIEANFRSLKGLLNIRPVFLRIDEHILAHTFLCFISLVILKTIIFKINKHISDNKLFANSQLTEVGLVTMLQKLRQRVEFNTLDQQMIFKNRDGVPSDPNIWNRYDFYFDILINQ
OG0000005,gi|71851970|gb|AAZ44578.1|,Mycoplasma hyopneumoniae,MKKHNLILFNVWGSSKDKIYKYVGWTQGYGKAPKRWFSIGNVQTLEKINPNAIQIIKEKLKLFSNLDDKDKIKTTLLDSLKNSAIIEGSVFIGGELIEKLIEKHNIFESLPKSRHKNMRQIFNYLISKRITDPGSIINAFDKKDDYSNQINTSKNSFYRLLDLVYESQNQLLDSLNKMVISELGKRDNEFYFDSSTVYFETFERNGLRIPGYSKDAKFKEDQIVIALACDKNGIPFHIKVFKGNTADSSTLIPFVLDIESKYNIKNMTIIADRGMSTAANIRFLESKEYNFIISYRAKIGSQKFKNYLLDPSDYVDLNPDFKYKKEEFYSSYKNKRYTENIRRRIITYSKKRAIKDSKAREEQIQSFIKKQNKDGFIEVNKLFGKKPKYFREISNMKFELDQSKIDKDKQFDGYYVYETNILNLNVLDIVEEYQKQWNIEANFRSLKGLLNIRPVFLRIDEHILAHTFLCFISLVILKTIIFKINKHISDNKLFANSQLTEVGLVTMLQKLRQRVEFNTLDQQMIFKNRDGVPSDPNIWNRYDFYFDILINQ
OG0000005,gi|71851995|gb|AAZ44603.1|,Mycoplasma hyopneumoniae,MKKHNLILFNVWGSSKDKIYKYVGWTQGYGKAPKRWFSIGNVQTLEKINPNAIQIIKEKLKLFSNLDDKDKIKTTLLDSIKNSAIIEGSVFIGGELIEKLIEKHNIFESLPKSRHKNMKQIFNYLISKRITDPGSIINAFDKKDDYSNQINTSKNSFYRLLDLVYESQNQLLDSLNKMVISELGKRDNEFYFDASTVYFETFEGNGLRIPGYSKDAKFKEDQIVIALACDKNGIPFHIKVFKGNTADSSTLIPFVLDIESKYNIKNMTIIADRGMSTAANIRFLESKEYNFIISYRAKIGSQKFKNYLLDPSDYVDVNADFKYKKEEFYSSYKNKRYTENIRRRIITYSKKRAIKDSKAREEQIQSFIKKQNKDGFIEVNKLFGKKPKYFREISNMKFELDQSKIDKDKQFDGYYVYETNILNLNVLDIVEKYQKQWNIEANFRSLKGLLNIRPVFLRIDEHILAHTFLCFISLVILKTIIFKINKHISDNKLFANSQLTEVGLVTMLQKLRQRVEFNTLDQQMIFKNRDGVPSDPNIWNRYDFYFDILINQ
OG0000005,gi|71852017|gb|AAZ44625.1|,Mycoplasma hyopneumoniae,MKKHNLILFNVWGSSKDKIYKYVGWTQGYGKAPKRWFSIGNVQTLEKINPNAIQIIKEKLKLFSNLDDKDKIKTTLLDSIKNSVIIEGSVFIGGELIEKLIEKHNIFESLPKSRHKNMKQIFNYLISKRITDPGSIINAFDKKDDYSNQINTSKNSFYRLLDLVYESQNQLLDSLNKMVISELGKRDNEFYFDSSTVYFETFERNGLRIPGYSKDAKFKEDQIVIALACDKNGIPFHIKVFKGNTADSSTLIPFVLDIEFKYNIKNMTIIADRGMSTAANIRFLESKEYNFIISYRAKIGSQKFKNYLLDPSDYVDLNADFKYKKEEFYSSYKNKRYTENIRRRIITYSRKRAIKDSKAREEQIQSFIKKQNKDGFIEVNKLFGKKPKYFREISNMKFELDQSKIDKDKQFDGYYVYETNILNLNVLDIVEKYQKQWNIEANFRSLKGLLNIRPVFLRIDEHILAHTFLCFISLVILKTIIFKINKHISDNKLFANSQLTEVGLVTMLQKLRQRVEFNTLDQQMIFKNRDGVPSDPNIWNRYDFYFDILINQ
OG0000005,gi|71852028|gb|AAZ44636.1|,Mycoplasma hyopneumoniae,MKKHNLILFNVWGSSKDKIYKYVGWTQGYGKAPKRWFSIGNVQTLEKINPNAIQIIKEKLKLFSNLDDKDKIKTTLLDSLKNSAIIEGSVFIGGELIEKLIEKHNIFESLPKSRHKNMKQIFNYLISKRITDPGSIINAFDKKDDYSNQINTSKNSFYRLLDLVYESQNQLLDSLNKMVISELGKRDNEFYFDSSTVYFETFERNGLRIPGYSKDAKFKEDQIVIALACDKNGIPFHIKVFKGNTADSSTLIPFVLDIESKYNIKNMTIIADRGMSTAANIRFLESKEYNFIISYRAKIGSQKFKDYLLDPSDYVDVNADFKYKKEEFYSSYKNKRYTENIRRRVITYSKKRAIKDSKAREEQIQSFIKKQNKDGFIEVNKLFGKKPKYFREISNMKFELDQSKIDKDKQFDGYYVYETNILNLNVLDIVEKYQKQWNIEANFRSLKGLLNIRPVFLRIDEHILAHTFLCFISLVILKTIIFKINKHISDNKLFANSQLTEVGLVTMLQKLRQRVEFNTLDQQMIFKNRDGVPSNPNIWNRYDFYFDILINQ
OG0000005,gi|71852041|gb|AAZ44649.1|,Mycoplasma hyopneumoniae,MKKHNLILFNVWGSSKDKIYKYVGWTQGYGKAPKRWFSIGNVQTLEKINPNAIQIIKEKLKLFSNLDDKDKIKTTLLDSIKNSAIIEGSVFIGGELIEKLIEKHNIFESLPKSRHKNMKQIFNYLISKRITDPGSIINAFDKKDDYSNQINTSKNSFYRLLDLVYESQNQLLDSLNKMVISELGKRDNEFYFDASTVYFETFEGNGLRIPGYSKDAKFKEDQIVIALACDKNGIPFHIKVFKGNTADSSTLIPFVLDIESKYNIKNMTIIADRGMSTAANIRFLESKEYNFIISYRAKIGSQKFKNYLLDPSDYVDVNADFKYKKEEFYSSYKNKRYTENIRRRIITYSKKRAIKDSKAREEQIQSFIKKQNKDGFIEVNKLFGKKPKYFREISNMKFELDQSKIDKDKQFDGYYVYETNILNLNVLDIVEKYQKQWNIEANFRSLKGLLNIRPVFLRIDEHILAHTFLCFISLVILKTIIFKINKHISDNKLFANSQLTEVGLVTMLQKLRQRVEFNTLDQQMIFKNRDGVPSDPNIWNRYDFYFDILINQ
